Time_s,Phase,Commanded_Steps,Brake_Pos,Brake_Pct,Brake_PSI,Pressure_mV,LoadCell_mV,RPM,Stall_Suspected
0.001,up,0.0,0,0.00,0.80,501.6,778.10,0.0,0
0.051,up,3.4,1,0.20,0.80,501.6,778.10,0.0,0
0.101,up,6.8,3,0.60,0.80,501.6,778.10,0.0,0
0.152,up,10.1,6,1.20,0.80,501.6,778.10,0.0,0
0.202,up,13.5,8,1.60,0.70,501.4,778.10,0.0,0
0.252,up,16.8,11,2.20,0.70,501.4,778.10,0.0,0
0.319,up,21.3,13,2.60,0.70,501.4,777.20,0.0,0
0.369,up,24.6,16,3.20,0.70,501.4,777.20,0.0,0
0.420,up,28.0,18,3.60,0.80,501.5,777.20,0.0,0
0.470,up,31.4,21,4.20,0.80,501.5,777.20,0.0,0
0.521,up,34.8,23,4.60,0.80,501.5,778.40,0.0,0
0.588,up,39.2,28,5.60,0.70,501.4,778.40,0.0,0
0.638,up,42.6,31,6.20,0.70,501.4,777.80,0.0,0
0.688,up,45.9,33,6.60,0.40,500.9,777.80,0.0,0
0.739,up,49.3,36,7.20,0.40,500.9,777.80,0.0,0
0.789,up,52.6,38,7.60,0.40,500.9,777.50,0.0,0
0.856,up,57.1,41,8.20,0.30,500.5,777.50,0.0,0
0.907,up,60.5,43,8.60,0.30,500.5,777.50,0.0,0
0.957,up,63.8,46,9.20,0.30,500.5,778.80,0.0,0
1.008,up,67.2,48,9.60,0.60,501.1,778.80,0.0,0
1.058,up,70.6,51,10.20,0.60,501.1,778.80,0.0,0
1.223,up,81.6,61,12.20,0.80,501.6,778.40,0.0,0
1.274,up,84.9,63,12.60,0.80,501.6,777.50,0.0,0
1.324,up,88.3,66,13.20,0.80,501.6,777.50,0.0,0
1.374,up,91.7,68,13.60,0.80,501.6,777.50,0.0,0
1.425,up,95.0,71,14.20,0.80,501.6,779.70,0.0,0
1.487,up,99.2,73,14.60,0.40,500.9,779.70,0.0,0
1.537,up,102.5,76,15.20,0.40,500.9,779.70,0.0,0
1.587,up,105.9,78,15.60,0.40,500.9,778.80,0.0,0
1.637,up,109.2,81,16.20,0.60,501.1,778.80,0.0,0
1.688,up,112.6,83,16.60,0.60,501.1,778.80,0.0,0
1.750,up,116.8,86,17.20,0.60,501.1,778.80,0.0,0
1.801,up,120.1,88,17.60,0.60,501.1,778.80,0.0,0
1.851,up,123.5,91,18.20,1.10,502.3,778.80,0.0,0
1.901,up,126.8,93,18.60,1.10,502.3,778.80,0.0,0
1.952,up,130.2,96,19.20,1.10,502.3,778.10,0.0,0
2.014,up,134.3,98,19.60,0.90,501.8,778.10,0.0,0
2.064,up,137.7,101,20.20,0.90,501.8,778.10,0.0,0
2.115,up,141.1,103,20.60,0.90,501.8,777.80,0.0,0
2.165,up,144.4,106,21.20,0.90,501.9,777.80,0.0,0
2.216,up,147.8,108,21.60,0.90,501.9,777.80,0.0,0
2.370,up,158.1,116,23.20,0.70,501.4,777.50,0.0,0
2.420,up,161.4,118,23.60,0.70,501.4,778.10,0.0,0
2.470,up,164.8,121,24.20,0.70,501.4,778.10,0.0,0
2.520,up,168.1,123,24.60,0.70,501.4,778.10,0.0,0
2.571,up,171.5,126,25.20,0.70,501.4,777.80,0.0,0
2.634,up,175.7,131,26.20,0.40,500.9,777.80,0.0,0
2.684,up,179.0,133,26.60,0.40,500.9,777.80,0.0,0
2.735,up,182.4,136,27.20,0.40,500.9,779.10,0.0,0
2.785,up,185.7,138,27.60,0.70,501.4,779.10,0.0,0
2.835,up,189.1,141,28.20,0.70,501.4,779.10,0.0,0
2.896,up,193.2,143,28.60,0.70,501.4,778.10,0.0,0
2.946,up,196.5,146,29.20,0.80,501.5,778.10,0.0,0
2.997,up,199.9,148,29.60,0.80,501.5,778.10,0.0,0
3.047,up,203.2,151,30.20,0.80,501.5,778.10,0.0,0
3.097,up,206.6,153,30.60,1.00,502.0,778.10,0.0,0
3.250,up,216.8,161,32.20,1.00,502.0,780.60,0.0,0
3.300,up,220.1,163,32.60,0.60,501.1,780.60,0.0,0
3.350,up,223.5,166,33.20,0.60,501.1,780.60,0.0,0
3.401,up,226.8,168,33.60,0.60,501.1,777.50,0.0,0
3.451,up,230.2,171,34.20,0.90,501.8,777.50,0.0,0
3.512,up,234.2,173,34.60,0.90,501.8,777.50,0.0,0
3.562,up,237.6,176,35.20,0.90,501.8,777.80,0.0,0
3.613,up,241.0,178,35.60,3.50,507.0,777.80,0.0,0
3.663,up,244.3,181,36.20,3.50,507.0,777.80,0.0,0
3.713,up,247.7,183,36.60,3.50,507.0,778.80,0.0,0
3.776,up,251.9,188,37.60,11.20,522.4,778.80,0.0,0
3.827,up,255.2,191,38.20,11.20,522.4,776.60,0.0,0
3.877,up,258.6,193,38.60,3.60,507.1,776.60,0.0,0
3.928,up,262.0,196,39.20,3.60,507.1,776.60,0.0,0
3.978,up,265.4,198,39.60,3.60,507.1,776.60,0.0,0
4.123,up,275.0,203,40.60,4.80,509.6,776.60,0.0,0
4.173,up,278.3,208,41.60,4.80,509.6,777.80,0.0,0
4.223,up,281.7,211,42.20,6.10,512.1,777.80,0.0,0
4.274,up,285.0,213,42.60,6.10,512.1,777.80,0.0,0
4.324,up,288.4,216,43.20,6.10,512.1,776.90,0.0,0
4.387,up,292.6,218,43.60,5.20,510.5,776.90,0.0,0
4.438,up,296.0,221,44.20,5.20,510.5,776.90,0.0,0
4.488,up,299.4,223,44.60,5.20,510.5,777.80,0.0,0
4.539,up,302.7,226,45.20,5.80,511.5,777.80,0.0,0
4.589,up,306.1,228,45.60,5.80,511.5,777.80,0.0,0
4.741,up,316.2,236,47.20,5.40,510.8,776.90,0.0,0
4.791,up,319.6,238,47.60,5.40,510.8,776.60,0.0,0
4.841,up,322.9,241,48.20,5.40,510.8,776.60,0.0,0
4.892,up,326.3,243,48.60,6.10,512.1,776.60,0.0,0
4.942,up,329.6,246,49.20,6.10,512.1,776.60,0.0,0
5.092,up,339.6,253,50.60,6.20,512.4,776.60,0.0,0
5.142,up,343.0,256,51.20,6.20,512.4,777.80,0.0,0
5.193,up,346.4,258,51.60,6.10,512.2,777.80,0.0,0
5.243,up,349.7,261,52.20,6.10,512.2,777.80,0.0,0
5.293,up,353.1,263,52.60,6.10,512.2,776.60,0.0,0
5.441,up,362.9,271,54.20,6.60,513.1,777.20,0.0,0
5.491,up,366.3,273,54.60,6.60,513.1,777.20,0.0,0
5.542,up,369.6,276,55.20,7.80,515.6,777.20,0.0,0
5.592,up,373.0,278,55.60,7.80,515.6,777.20,0.0,0
5.642,up,376.3,281,56.20,7.80,515.6,777.50,0.0,0
5.706,up,380.6,283,56.60,9.00,518.0,777.50,0.0,0
5.756,up,383.9,286,57.20,9.00,518.0,777.50,0.0,0
5.807,up,387.3,288,57.60,9.00,518.0,777.80,0.0,0
5.857,up,390.7,291,58.20,9.80,519.5,777.80,0.0,0
5.907,up,394.0,293,58.60,9.80,519.5,777.80,0.0,0
5.972,up,398.3,296,59.20,9.80,519.5,777.80,0.0,0
6.022,up,401.7,298,59.60,10.80,521.6,777.80,0.0,0
6.072,up,405.0,301,60.20,10.80,521.6,777.80,0.0,0
6.123,up,408.4,306,61.20,11.10,522.2,777.20,0.0,0
6.173,up,411.7,308,61.60,11.10,522.2,777.20,0.0,0
6.347,up,423.4,316,63.20,12.50,525.0,777.80,0.0,0
6.398,up,426.7,318,63.60,12.50,525.0,777.80,0.0,0
6.449,up,430.1,321,64.20,12.50,525.0,776.90,0.0,0
6.499,up,433.5,323,64.60,13.30,526.5,776.90,0.0,0
6.550,up,436.9,326,65.20,13.30,526.5,776.90,0.0,0
6.610,up,440.9,328,65.60,13.30,526.5,776.90,0.0,0
6.660,up,444.2,331,66.20,14.70,529.4,776.90,0.0,0
6.710,up,447.6,333,66.60,14.70,529.4,776.90,0.0,0
6.760,up,450.9,336,67.20,14.70,529.4,776.60,0.0,0
6.811,up,454.3,338,67.60,15.30,530.6,776.60,0.0,0
6.877,up,458.7,343,68.60,15.30,530.6,776.20,0.0,0
6.927,up,462.0,346,69.20,15.30,530.6,776.20,0.0,0
6.977,up,465.4,348,69.60,17.10,534.2,776.20,0.0,0
7.028,up,468.7,351,70.20,17.10,534.2,776.20,0.0,0
7.078,up,472.1,353,70.60,17.10,534.2,776.60,0.0,0
7.230,up,482.3,361,72.20,18.40,536.9,777.20,0.0,0
7.281,up,485.6,363,72.60,19.90,539.8,777.20,0.0,0
7.331,up,489.0,366,73.20,19.90,539.8,777.20,0.0,0
7.381,up,492.3,368,73.60,19.90,539.8,775.90,0.0,0
7.432,up,495.7,371,74.20,21.50,543.0,775.90,0.0,0
7.587,up,506.1,378,75.60,32.10,564.1,776.90,0.0,0
7.638,up,509.4,381,76.20,32.10,564.1,776.90,0.0,0
7.688,up,512.8,383,76.60,32.10,564.1,777.50,0.0,0
7.738,up,516.1,386,77.20,32.10,564.1,777.50,0.0,0
7.788,up,519.5,388,77.60,41.20,582.4,777.50,0.0,0
7.944,up,529.9,396,79.20,56.10,612.1,777.50,0.0,0
7.994,up,533.2,398,79.60,56.10,612.1,777.50,0.0,0
8.045,up,536.6,401,80.20,56.10,612.1,777.50,0.0,0
8.095,up,539.9,403,80.60,73.30,646.6,777.50,0.0,0
8.145,up,543.3,406,81.20,73.30,646.6,777.50,0.0,0
8.209,up,547.6,408,81.60,73.30,646.6,777.20,0.0,0
8.260,up,550.9,411,82.20,92.50,685.0,777.20,0.0,0
8.310,up,554.3,413,82.60,92.50,685.0,777.20,0.0,0
8.360,up,557.6,416,83.20,92.50,685.0,777.80,0.0,0
8.411,up,561.0,418,83.60,92.50,685.0,777.80,0.0,0
8.474,up,565.2,423,84.60,114.30,728.6,777.80,0.0,0
8.524,up,568.6,426,85.20,114.30,728.6,777.80,0.0,0
8.575,up,571.9,428,85.60,136.40,772.9,777.80,0.0,0
8.625,up,575.3,431,86.20,136.40,772.9,777.80,0.0,0
8.675,up,578.6,433,86.60,136.40,772.9,777.80,0.0,0
8.738,up,582.9,436,87.20,150.10,800.3,777.80,0.0,0
8.789,up,586.2,438,87.60,150.10,800.3,777.80,0.0,0
8.839,up,589.6,441,88.20,150.10,800.3,777.50,0.0,0
8.890,up,592.9,443,88.60,163.40,826.8,777.50,0.0,0
8.940,up,596.3,446,89.20,163.40,826.8,777.50,0.0,0
9.002,up,600.4,448,89.60,163.40,826.8,775.60,0.0,0
9.052,up,603.8,451,90.20,185.00,870.0,775.60,0.0,0
9.103,up,607.2,453,90.60,185.00,870.0,775.60,0.0,0
9.154,up,610.5,456,91.20,185.00,870.0,777.50,0.0,0
9.204,up,613.9,458,91.60,185.00,870.0,777.50,0.0,0
9.356,up,624.0,466,93.20,213.40,926.8,776.60,0.0,0
9.407,up,627.4,468,93.60,244.90,989.9,776.60,0.0,0
9.457,up,630.8,471,94.20,244.90,989.9,776.60,0.0,0
9.507,up,634.1,473,94.60,244.90,989.9,777.50,0.0,0
9.558,up,637.5,476,95.20,277.50,1055.0,777.50,0.0,0
9.619,up,641.6,478,95.60,277.50,1055.0,777.50,0.0,0
9.670,up,645.0,481,96.20,277.50,1055.0,776.80,0.0,0
9.721,up,648.4,483,96.60,309.70,1119.4,776.80,0.0,0
9.772,up,651.8,486,97.20,309.70,1119.4,776.80,0.0,0
9.822,up,655.1,488,97.60,309.70,1119.4,777.50,0.0,0
9.965,up,664.6,496,99.20,341.10,1182.1,777.50,0.0,0
10.015,hold,667.0,498,99.60,341.10,1182.1,778.40,0.0,0
10.066,hold,667.0,500,100.00,376.00,1252.0,778.40,0.0,0
10.116,hold,667.0,500,100.00,376.00,1252.0,778.40,0.0,0
10.167,hold,667.0,500,100.00,376.00,1252.0,778.10,0.0,0
10.229,hold,667.0,500,100.00,394.40,1288.8,778.10,0.0,0
10.280,hold,667.0,500,100.00,394.40,1288.8,776.90,0.0,0
10.330,hold,667.0,500,100.00,395.90,1291.8,776.90,0.0,0
10.380,hold,667.0,500,100.00,395.90,1291.8,776.90,0.0,0
10.431,hold,667.0,500,100.00,395.90,1291.8,777.20,0.0,0
10.494,hold,667.0,500,100.00,395.40,1290.9,777.20,0.0,0
10.544,hold,667.0,500,100.00,395.40,1290.9,777.20,0.0,0
10.595,hold,667.0,500,100.00,395.40,1290.9,777.20,0.0,0
10.645,hold,667.0,500,100.00,395.40,1290.9,777.20,0.0,0
10.695,hold,667.0,500,100.00,393.80,1287.6,777.20,0.0,0
10.758,hold,667.0,500,100.00,393.80,1287.6,777.20,0.0,0
10.808,hold,667.0,500,100.00,393.80,1287.6,778.10,0.0,0
10.858,hold,667.0,500,100.00,393.40,1286.8,778.10,0.0,0
10.909,hold,667.0,500,100.00,393.40,1286.8,778.10,0.0,0
10.959,hold,667.0,500,100.00,393.40,1286.8,776.90,0.0,0
11.022,down,665.5,500,100.00,392.00,1284.0,776.90,0.0,0
11.072,down,662.2,500,100.00,392.00,1284.0,776.90,0.0,0
11.123,down,658.8,495,99.00,386.60,1273.1,777.50,0.0,0
11.173,down,655.4,493,98.60,386.60,1273.1,777.50,0.0,0
11.224,down,652.1,490,98.00,386.60,1273.1,777.50,0.0,0
11.288,down,647.8,488,97.60,386.60,1273.1,777.50,0.0,0
11.339,down,644.4,485,97.00,332.10,1164.1,777.50,0.0,0
11.389,down,641.0,483,96.60,332.10,1164.1,777.50,0.0,0
11.440,down,637.7,480,96.00,332.10,1164.1,777.80,0.0,0
11.490,down,634.3,478,95.60,280.10,1060.2,777.80,0.0,0
11.556,down,629.9,475,95.00,280.10,1060.2,777.80,0.0,0
11.607,down,626.5,473,94.60,280.10,1060.2,776.60,0.0,0
11.657,down,623.2,470,94.00,264.90,1029.8,776.60,0.0,0
11.708,down,619.8,468,93.60,264.90,1029.8,776.60,0.0,0
11.758,down,616.4,465,93.00,264.90,1029.8,776.90,0.0,0
11.819,down,612.3,463,92.60,238.30,976.6,776.90,0.0,0
11.870,down,609.0,460,92.00,238.30,976.6,776.90,0.0,0
11.920,down,605.6,458,91.60,238.30,976.6,777.20,0.0,0
11.971,down,602.3,455,91.00,193.60,887.1,777.20,0.0,0
12.021,down,598.9,453,90.60,193.60,887.1,777.20,0.0,0
12.083,down,594.7,448,89.60,193.60,887.1,775.90,0.0,0
12.134,down,591.4,445,89.00,157.30,814.6,775.90,0.0,0
12.184,down,588.0,443,88.60,157.30,814.6,775.90,0.0,0
12.235,down,584.6,440,88.00,157.30,814.6,776.60,0.0,0
12.285,down,581.3,438,87.60,124.80,749.6,776.60,0.0,0
12.347,down,577.1,435,87.00,124.80,749.6,776.60,0.0,0
12.398,down,573.8,433,86.60,124.80,749.6,777.80,0.0,0
12.448,down,570.4,430,86.00,95.40,690.9,777.80,0.0,0
12.498,down,567.1,428,85.60,95.40,690.9,777.80,0.0,0
12.548,down,563.7,425,85.00,95.40,690.9,777.50,0.0,0
12.610,down,559.6,423,84.60,69.80,639.6,777.50,0.0,0
12.660,down,556.3,420,84.00,69.80,639.6,777.50,0.0,0
12.710,down,552.9,418,83.60,69.80,639.6,779.40,0.0,0
12.761,down,549.6,415,83.00,47.10,594.1,779.40,0.0,0
12.811,down,546.2,413,82.60,47.10,594.1,779.40,0.0,0
12.876,down,541.9,408,81.60,47.10,594.1,777.50,0.0,0
12.926,down,538.5,405,81.00,31.10,562.1,777.50,0.0,0
12.976,down,535.2,403,80.60,31.10,562.1,777.50,0.0,0
13.026,down,531.8,400,80.00,31.10,562.1,777.80,0.0,0
13.077,down,528.5,398,79.60,19.40,538.8,777.80,0.0,0
13.140,down,524.2,395,79.00,19.40,538.8,777.80,0.0,0
13.191,down,520.9,393,78.60,19.40,538.8,778.40,0.0,0
13.241,down,517.5,390,78.00,10.90,521.8,778.40,0.0,0
13.291,down,514.2,388,77.60,10.90,521.8,778.40,0.0,0
13.341,down,510.8,385,77.00,10.90,521.8,780.40,0.0,0
13.403,down,506.7,383,76.60,4.10,508.1,780.40,0.0,0
13.454,down,503.3,380,76.00,4.10,508.1,780.40,0.0,0
13.504,down,500.0,378,75.60,4.10,508.1,776.60,0.0,0
13.555,down,496.6,375,75.00,4.10,508.1,776.60,0.0,0
13.605,down,493.2,373,74.60,1.60,503.1,776.60,0.0,0
13.667,down,489.1,370,74.00,1.60,503.1,776.60,0.0,0
13.718,down,485.7,368,73.60,1.60,503.1,776.90,0.0,0
13.769,down,482.3,365,73.00,0.30,500.5,776.90,0.0,0
13.819,down,478.9,363,72.60,0.30,500.5,776.90,0.0,0
13.870,down,475.6,360,72.00,0.30,500.5,777.80,0.0,0
13.933,down,471.4,355,71.00,-0.20,499.5,777.80,0.0,0
13.983,down,468.0,353,70.60,-0.20,499.5,776.90,0.0,0
14.033,down,464.7,350,70.00,-0.90,498.3,776.90,0.0,0
14.084,down,461.3,348,69.60,-0.90,498.3,776.90,0.0,0
14.135,down,457.9,345,69.00,-0.90,498.3,777.50,0.0,0
14.282,down,448.1,338,67.60,-0.40,499.1,776.60,0.0,0
14.332,down,444.8,335,67.00,-0.40,499.1,776.60,0.0,0
14.382,down,441.4,333,66.60,-1.10,497.9,776.60,0.0,0
14.432,down,438.1,330,66.00,-1.10,497.9,776.60,0.0,0
14.483,down,434.7,328,65.60,-1.10,497.9,775.90,0.0,0
14.653,down,423.3,320,64.00,-1.90,496.3,778.40,0.0,0
14.704,down,419.9,318,63.60,-1.40,497.3,778.40,0.0,0
14.754,down,416.6,315,63.00,-1.40,497.3,778.40,0.0,0
14.805,down,413.2,313,62.60,-1.40,497.3,778.10,0.0,0
14.855,down,409.9,310,62.00,-1.60,496.9,778.10,0.0,0
15.017,down,399.1,303,60.60,-1.60,496.9,777.50,0.0,0
15.067,down,395.7,300,60.00,-1.20,497.6,777.50,0.0,0
15.118,down,392.4,298,59.60,-1.20,497.6,777.50,0.0,0
15.168,down,389.0,295,59.00,-1.20,497.6,777.20,0.0,0
15.218,down,385.6,293,58.60,-1.10,497.8,777.20,0.0,0
15.283,down,381.3,288,57.60,-1.10,497.8,778.10,0.0,0
15.333,down,378.0,285,57.00,-1.60,496.9,778.10,0.0,0
15.383,down,374.6,283,56.60,-1.60,496.9,778.10,0.0,0
15.433,down,371.3,280,56.00,-1.60,496.9,778.40,0.0,0
15.484,down,367.9,278,55.60,-1.60,496.9,778.40,0.0,0
15.547,down,363.7,275,55.00,-1.60,496.9,778.40,0.0,0
15.597,down,360.4,273,54.60,-1.60,496.9,777.80,0.0,0
15.648,down,357.0,270,54.00,-1.60,496.8,777.80,0.0,0
15.698,down,353.6,268,53.60,-1.60,496.8,777.80,0.0,0
15.748,down,350.3,265,53.00,-1.60,496.8,778.10,0.0,0
15.813,down,346.0,263,52.60,-1.60,496.8,778.10,0.0,0
15.863,down,342.6,260,52.00,-1.60,496.8,778.10,0.0,0
15.913,down,339.3,258,51.60,-1.60,496.8,778.10,0.0,0
15.964,down,335.9,255,51.00,-1.60,496.8,777.50,0.0,0
16.014,down,332.6,253,50.60,-1.40,497.1,777.50,0.0,0
16.080,down,328.2,248,49.60,-1.40,497.1,777.20,0.0,0
16.130,down,324.8,245,49.00,-1.50,497.0,777.20,0.0,0
16.181,down,321.5,243,48.60,-1.50,497.0,777.20,0.0,0
16.231,down,318.1,240,48.00,-1.50,497.0,777.20,0.0,0
16.281,down,314.8,238,47.60,-1.30,497.4,777.20,0.0,0
16.346,down,310.4,235,47.00,-1.30,497.4,777.20,0.0,0
16.396,down,307.1,233,46.60,-1.30,497.4,777.50,0.0,0
16.446,down,303.7,230,46.00,-1.30,497.4,777.50,0.0,0
16.496,down,300.4,228,45.60,-1.20,497.6,777.50,0.0,0
16.547,down,297.0,225,45.00,-1.20,497.6,777.50,0.0,0
16.615,down,292.5,223,44.60,-1.20,497.6,776.20,0.0,0
16.665,down,289.1,220,44.00,-1.50,497.0,776.20,0.0,0
16.716,down,285.8,218,43.60,-1.50,497.0,776.20,0.0,0
16.766,down,282.4,215,43.00,-1.50,497.0,776.20,0.0,0
16.816,down,279.1,213,42.60,-1.30,497.4,776.20,0.0,0
16.882,down,274.7,208,41.60,-1.30,497.4,776.90,0.0,0
16.932,down,271.3,205,41.00,-2.00,496.0,776.90,0.0,0
16.982,down,268.0,203,40.60,-2.00,496.0,776.90,0.0,0
17.032,down,264.6,200,40.00,-2.00,496.0,778.40,0.0,0
17.083,down,261.3,198,39.60,-1.20,497.5,778.40,0.0,0
17.234,down,251.2,190,38.00,-1.20,497.5,778.80,0.0,0
17.284,down,247.9,188,37.60,-1.60,496.9,778.80,0.0,0
17.334,down,244.5,185,37.00,-1.60,496.9,778.80,0.0,0
17.384,down,241.2,183,36.60,-1.60,496.9,778.40,0.0,0
17.434,down,237.8,180,36.00,-1.20,497.5,778.40,0.0,0
17.497,down,233.6,178,35.60,-1.20,497.5,778.40,0.0,0
17.548,down,230.3,175,35.00,-1.20,497.5,779.10,0.0,0
17.598,down,226.9,173,34.60,-1.10,497.8,779.10,0.0,0
17.648,down,223.6,170,34.00,-1.10,497.8,779.10,0.0,0
17.698,down,220.2,168,33.60,-1.10,497.8,778.40,0.0,0
17.761,down,216.0,165,33.00,-1.10,497.9,778.40,0.0,0
17.811,down,212.7,163,32.60,-1.10,497.9,778.40,0.0,0
17.862,down,209.3,160,32.00,-1.10,497.9,778.10,0.0,0
17.912,down,206.0,158,31.60,-1.10,497.9,778.10,0.0,0
17.962,down,202.6,155,31.00,-1.80,496.5,778.10,0.0,0
18.026,down,198.4,150,30.00,-1.80,496.5,777.50,0.0,0
18.076,down,195.0,148,29.60,-0.30,499.4,777.50,0.0,0
18.127,down,191.6,145,29.00,-0.30,499.4,777.50,0.0,0
18.177,down,188.3,143,28.60,-0.30,499.4,777.80,0.0,0
18.228,down,184.9,140,28.00,-0.40,499.3,777.80,0.0,0
18.289,down,180.8,138,27.60,-0.40,499.3,777.80,0.0,0
18.340,down,177.4,135,27.00,-0.40,499.3,779.70,0.0,0
18.391,down,174.0,133,26.60,0.30,500.6,779.70,0.0,0
18.441,down,170.7,130,26.00,0.30,500.6,779.70,0.0,0
18.492,down,167.3,128,25.60,0.30,500.6,778.10,0.0,0
18.554,down,163.1,125,25.00,0.60,501.1,778.10,0.0,0
18.605,down,159.8,123,24.60,0.60,501.1,778.10,0.0,0
18.655,down,156.4,120,24.00,0.60,501.1,778.10,0.0,0
18.706,down,153.0,118,23.60,0.60,501.1,778.10,0.0,0
18.756,down,149.6,115,23.00,0.80,501.5,778.10,0.0,0
18.820,down,145.4,113,22.60,0.80,501.5,778.10,0.0,0
18.870,down,142.1,110,22.00,0.80,501.5,777.80,0.0,0
18.920,down,138.7,108,21.60,0.70,501.4,777.80,0.0,0
18.970,down,135.4,105,21.00,0.70,501.4,777.80,0.0,0
19.021,down,132.0,103,20.60,0.70,501.4,777.50,0.0,0
19.086,down,127.7,98,19.60,0.80,501.6,777.50,0.0,0
19.136,down,124.3,95,19.00,0.80,501.6,777.80,0.0,0
19.186,down,121.0,93,18.60,1.30,502.6,777.80,0.0,0
19.236,down,117.6,90,18.00,1.30,502.6,777.80,0.0,0
19.287,down,114.3,88,17.60,1.30,502.6,777.80,0.0,0
19.351,down,110.0,85,17.00,1.30,502.6,777.80,0.0,0
19.402,down,106.6,83,16.60,1.10,502.3,777.80,0.0,0
19.452,down,103.3,80,16.00,1.10,502.3,777.80,0.0,0
19.502,down,99.9,78,15.60,1.10,502.3,776.90,0.0,0
19.552,down,96.6,75,15.00,1.50,503.0,776.90,0.0,0
19.617,down,92.2,73,14.60,1.50,503.0,776.90,0.0,0
19.667,down,88.9,70,14.00,1.50,503.0,776.60,0.0,0
19.718,down,85.5,68,13.60,0.60,501.1,776.60,0.0,0
19.768,down,82.2,65,13.00,0.60,501.1,776.60,0.0,0
19.818,down,78.8,63,12.60,0.60,501.1,778.40,0.0,0
19.964,down,69.1,55,11.00,0.90,501.8,777.20,0.0,0
20.014,down,65.7,53,10.60,0.50,501.0,777.20,0.0,0
20.065,down,62.4,50,10.00,0.50,501.0,777.20,0.0,0
20.115,down,59.0,48,9.60,0.50,501.0,777.50,0.0,0
20.165,down,55.7,45,9.00,0.50,501.0,777.50,0.0,0
20.230,down,51.4,40,8.00,1.20,502.5,777.50,0.0,0
20.280,down,48.0,38,7.60,1.20,502.5,778.10,0.0,0
20.330,down,44.7,35,7.00,1.50,503.0,778.10,0.0,0
20.381,down,41.3,33,6.60,1.50,503.0,778.10,0.0,0
20.431,down,37.9,30,6.00,1.50,503.0,777.80,0.0,0
20.494,down,33.8,28,5.60,1.10,502.3,777.80,0.0,0
20.544,down,30.4,25,5.00,1.10,502.3,777.80,0.0,0
20.595,down,27.0,23,4.60,1.10,502.3,776.90,0.0,0
20.645,down,23.7,20,4.00,1.60,503.1,776.90,0.0,0
20.696,down,20.3,18,3.60,1.60,503.1,776.90,0.0,0
20.759,down,16.1,15,3.00,1.60,503.1,776.20,0.0,0
20.809,down,12.7,13,2.60,1.20,502.4,776.20,0.0,0
20.860,down,9.3,10,2.00,1.20,502.4,776.20,0.0,0
20.910,down,6.0,8,1.60,1.20,502.4,776.90,0.0,0
20.961,down,2.6,5,1.00,1.20,502.4,776.90,0.0,0
