Time_s,Timestamp_ms,Target_RPM,RPM,Torque_raw_lb-ft,Torque_filt_lb-ft,HP_raw,HP_filt,LoadCell_mV,ADC_Load_mV,Pressure_mV,Brake_Pos,Brake_Pct,Brake_PSI,State,PID_P,PID_I,PID_Output,Fault_Bits,Spare_Aux_mV,Tach_Glitches,RPM_Estimated,RPM_Counted,RPM_Rev
0.0000,1519068,0.0,803.6,2.294,2.736,0.35,0.42,900.0,900.0,499.8,0,0.0,-0.1,IDLE,0.00,0.00,0.00,0,0.0,3592,0,803.6,808.1
0.0500,1519118,0.0,803.6,2.294,2.736,0.35,0.42,900.0,900.0,501.3,0,0.0,0.6,IDLE,0.00,0.00,0.00,0,0.0,3594,0,803.6,808.1
0.1000,1519168,0.0,803.6,2.294,2.736,0.35,0.42,900.0,900.0,501.3,0,0.0,0.6,IDLE,0.00,0.00,0.00,0,0.0,3595,0,803.6,808.1
0.1500,1519218,0.0,803.6,-1.305,2.736,-0.20,0.42,720.9,720.9,501.3,0,0.0,0.6,IDLE,0.00,0.00,0.00,0,0.0,3596,0,803.6,808.1
0.2000,1519268,0.0,803.6,-1.305,2.736,-0.20,0.42,720.9,720.9,501.9,0,0.0,0.9,IDLE,0.00,0.00,0.00,0,0.0,3598,0,803.6,808.1
0.2500,1519318,0.0,803.6,-1.305,2.736,-0.20,0.42,720.9,720.9,501.9,0,0.0,0.9,IDLE,0.00,0.00,0.00,0,0.0,3599,0,803.6,808.1
0.3000,1519368,0.0,803.6,-5.097,2.736,-0.78,0.42,504.7,504.7,501.9,0,0.0,0.9,IDLE,0.00,0.00,0.00,0,0.0,3600,0,803.6,808.1
0.3500,1519418,0.0,803.6,-5.097,2.736,-0.78,0.42,504.7,504.7,501.4,0,0.0,0.7,IDLE,0.00,0.00,0.00,0,0.0,3601,0,803.6,808.1
0.4000,1519468,0.0,803.6,-5.097,2.736,-0.78,0.42,504.7,504.7,501.4,0,0.0,0.7,IDLE,0.00,0.00,0.00,0,0.0,3603,0,803.6,808.1
0.4500,1519518,0.0,803.6,0.236,2.736,0.04,0.42,951.9,951.9,501.4,0,0.0,0.7,IDLE,0.00,0.00,0.00,0,0.0,3604,0,803.6,808.1
0.5000,1519568,0.0,803.6,0.236,2.736,0.04,0.42,951.9,951.9,501.4,0,0.0,0.7,IDLE,0.00,0.00,0.00,0,0.0,3606,0,803.6,808.1
0.5500,1519618,0.0,803.6,0.236,2.736,0.04,0.42,951.9,951.9,502.3,0,0.0,1.1,IDLE,0.00,0.00,0.00,0,0.0,3607,0,803.6,808.1
0.6000,1519668,0.0,803.6,0.236,2.736,0.04,0.42,951.9,951.9,502.3,0,0.0,1.1,IDLE,0.00,0.00,0.00,0,0.0,3608,0,803.6,808.1
0.6500,1519718,0.0,803.6,2.729,2.736,0.42,0.42,867.8,867.8,502.3,0,0.0,1.1,IDLE,0.00,0.00,0.00,0,0.0,3610,0,803.6,808.1
0.7000,1519768,0.0,803.6,2.729,2.736,0.42,0.42,867.8,867.8,501.4,0,0.0,0.7,IDLE,0.00,0.00,0.00,0,0.0,3611,0,803.6,808.1
0.7500,1519818,0.0,803.6,2.729,2.736,0.42,0.42,867.8,867.8,501.4,0,0.0,0.7,IDLE,0.00,0.00,0.00,0,0.0,3613,0,803.6,808.1
0.8000,1519868,0.0,803.6,2.294,2.736,0.35,0.42,715.0,715.0,501.4,0,0.0,0.7,IDLE,0.00,0.00,0.00,0,0.0,3615,0,803.6,808.1
0.8500,1519918,0.0,803.6,2.294,2.736,0.35,0.42,715.0,715.0,499.9,0,0.0,-0.1,IDLE,0.00,0.00,0.00,0,0.0,3616,0,803.6,808.1
0.9000,1519968,0.0,803.6,2.294,2.736,0.35,0.42,715.0,715.0,499.9,0,0.0,-0.1,IDLE,0.00,0.00,0.00,0,0.0,3618,0,803.6,808.1
0.9500,1520018,0.0,803.6,2.714,2.736,0.42,0.42,691.2,691.2,499.9,0,0.0,-0.1,IDLE,0.00,0.00,0.00,0,0.0,3619,0,803.6,808.1
1.0000,1520068,0.0,803.6,2.714,2.736,0.42,0.42,691.2,691.2,502.3,0,0.0,1.1,IDLE,0.00,0.00,0.00,0,0.0,3621,0,803.6,808.1
1.0500,1520118,0.0,803.6,2.714,2.736,0.42,0.42,691.2,691.2,502.3,0,0.0,1.1,IDLE,0.00,0.00,0.00,0,0.0,3622,0,803.6,808.1
1.1000,1520168,0.0,803.6,1.232,2.736,0.19,0.42,778.4,778.4,502.3,0,0.0,1.1,IDLE,0.00,0.00,0.00,0,0.0,3623,0,803.6,808.1
1.1500,1520218,0.0,803.6,1.232,2.736,0.19,0.42,778.4,778.4,502.3,0,0.0,1.1,IDLE,0.00,0.00,0.00,0,0.0,3625,0,803.6,808.1
1.2000,1520268,0.0,803.6,1.232,2.736,0.19,0.42,778.4,778.4,501.4,0,0.0,0.7,IDLE,0.00,0.00,0.00,0,0.0,3626,0,803.6,808.1
1.2500,1520318,0.0,803.6,1.232,2.736,0.19,0.42,778.4,778.4,501.4,0,0.0,0.7,IDLE,0.00,0.00,0.00,0,0.0,3627,0,803.6,808.1
1.3000,1520368,0.0,803.6,1.851,2.736,0.28,0.42,860.3,860.3,501.4,0,0.0,0.7,IDLE,0.00,0.00,0.00,0,0.0,3629,0,803.6,808.1
1.3500,1520418,0.0,803.6,1.851,2.736,0.28,0.42,860.3,860.3,499.9,0,0.0,-0.1,IDLE,0.00,0.00,0.00,0,0.0,3630,0,803.6,808.1
1.4000,1520468,0.0,803.6,1.851,2.736,0.28,0.42,860.3,860.3,499.9,0,0.0,-0.1,IDLE,0.00,0.00,0.00,0,0.0,3631,0,803.6,808.1
1.4500,1520518,0.0,803.6,2.449,2.736,0.37,0.42,876.6,876.6,499.9,0,0.0,-0.1,IDLE,0.00,0.00,0.00,0,0.0,3633,0,803.6,808.1
1.5000,1520568,0.0,803.6,2.449,2.736,0.37,0.42,876.6,876.6,502.1,0,0.0,1.1,IDLE,0.00,0.00,0.00,0,0.0,3634,0,803.6,808.1
1.5500,1520618,0.0,803.6,2.449,2.736,0.37,0.42,876.6,876.6,502.1,0,0.0,1.1,IDLE,0.00,0.00,0.00,0,0.0,3635,0,803.6,808.1
1.6000,1520668,0.0,803.6,-2.552,2.736,-0.39,0.42,674.1,674.1,502.1,0,0.0,1.1,IDLE,0.00,0.00,0.00,0,0.0,3637,0,803.6,808.1
1.6500,1520718,0.0,803.6,-2.552,2.736,-0.39,0.42,674.1,674.1,499.9,0,0.0,-0.1,IDLE,0.00,0.00,0.00,0,0.0,3638,0,803.6,808.1
1.7000,1520768,0.0,803.6,-2.552,2.736,-0.39,0.42,674.1,674.1,499.9,0,0.0,-0.1,IDLE,0.00,0.00,0.00,0,0.0,3639,0,803.6,808.1
1.7500,1520818,0.0,803.6,-1.637,2.736,-0.25,0.42,762.2,762.2,499.9,0,0.0,-0.1,IDLE,0.00,0.00,0.00,0,0.0,3640,0,803.6,808.1
1.8000,1520868,0.0,803.6,-1.637,2.736,-0.25,0.42,762.2,762.2,501.0,0,0.0,0.5,IDLE,0.00,0.00,0.00,0,0.0,3642,0,803.6,808.1
1.8500,1520918,0.0,803.6,-1.637,2.736,-0.25,0.42,762.2,762.2,501.0,0,0.0,0.5,IDLE,0.00,0.00,0.00,0,0.0,3643,0,803.6,808.1
1.9000,1520968,0.0,803.6,8.091,2.736,1.24,0.42,944.4,944.4,501.0,0,0.0,0.5,IDLE,0.00,0.00,0.00,0,0.0,3645,0,803.6,808.1
1.9500,1521018,0.0,803.6,8.091,2.736,1.24,0.42,944.4,944.4,501.0,0,0.0,0.5,IDLE,0.00,0.00,0.00,0,0.0,3646,0,803.6,808.1
2.0000,1521068,0.0,803.6,8.091,2.736,1.24,0.42,944.4,944.4,499.8,0,0.0,-0.1,IDLE,0.00,0.00,0.00,0,0.0,3647,0,803.6,808.1
2.0500,1521118,0.0,803.6,8.091,2.736,1.24,0.42,944.4,944.4,499.8,0,0.0,-0.1,IDLE,0.00,0.00,0.00,0,0.0,3649,0,803.6,808.1
2.1000,1521168,0.0,803.6,8.246,2.736,1.26,0.42,959.1,959.1,499.8,0,0.0,-0.1,IDLE,0.00,0.00,0.00,0,0.0,3650,0,803.6,808.1
2.1500,1521218,0.0,803.6,8.246,2.736,1.26,0.42,959.1,959.1,501.1,0,0.0,0.6,IDLE,0.00,0.00,0.00,0,0.0,3651,0,803.6,808.1
2.2000,1521268,2000.0,803.6,8.246,2.736,1.26,0.42,959.1,959.1,501.1,2,0.4,0.6,HOLD_RPM,0.00,0.00,0.00,0,0.0,3652,0,803.6,808.1
2.2500,1521318,2000.0,803.6,5.974,2.736,0.91,0.42,765.0,765.0,501.1,15,3.0,0.6,HOLD_RPM,0.00,0.00,0.00,0,0.0,3655,0,803.6,808.1
2.3000,1521368,2000.0,803.6,5.974,2.736,0.91,0.42,765.0,765.0,501.5,37,7.4,0.8,HOLD_RPM,0.00,0.00,0.00,0,0.0,3656,0,803.6,808.1
2.3500,1521418,2000.0,803.6,5.974,2.736,0.91,0.42,765.0,765.0,501.5,66,13.2,0.8,HOLD_RPM,0.00,0.00,0.00,0,0.0,3657,0,803.6,808.1
2.4000,1521468,2000.0,803.6,8.806,2.736,1.35,0.42,843.1,843.1,501.5,87,17.4,0.8,HOLD_RPM,0.00,0.00,0.00,0,0.0,3659,0,803.6,808.1
2.4500,1521518,2000.0,803.6,8.806,2.736,1.35,0.42,843.1,843.1,501.8,99,19.8,0.9,HOLD_RPM,0.00,0.00,0.00,0,0.0,3660,0,803.6,808.1
2.5000,1521568,2000.0,803.6,8.806,2.736,1.35,0.42,843.1,843.1,501.8,100,20.0,0.9,HOLD_RPM,0.00,0.00,0.00,0,0.0,3661,0,803.6,808.1
2.5500,1521618,2000.0,803.6,9.950,2.736,1.52,0.42,742.8,742.8,501.8,100,20.0,0.9,HOLD_RPM,0.00,0.00,0.00,0,0.0,3663,0,803.6,808.1
2.6000,1521668,2000.0,803.6,9.950,2.736,1.52,0.42,742.8,742.8,501.8,100,20.0,0.9,HOLD_RPM,0.00,0.00,0.00,0,0.0,3664,0,803.6,808.1
2.6500,1521718,2000.0,803.6,9.950,2.736,1.52,0.42,742.8,742.8,502.3,100,20.0,1.1,HOLD_RPM,0.00,0.00,0.00,0,0.0,3665,0,803.6,808.1
2.7000,1521768,2000.0,803.6,9.950,2.736,1.52,0.42,742.8,742.8,502.3,100,20.0,1.1,HOLD_RPM,0.00,0.00,0.00,0,0.0,3667,0,803.6,808.1
2.7500,1521818,2000.0,803.6,13.335,2.736,2.04,0.42,931.2,931.2,502.3,100,20.0,1.1,HOLD_RPM,0.00,0.00,0.00,0,0.0,3668,0,803.6,808.1
2.8000,1521868,2000.0,803.6,13.335,2.736,2.04,0.42,931.2,931.2,501.8,100,20.0,0.9,HOLD_RPM,0.00,0.00,0.00,0,0.0,3670,0,803.6,808.1
2.8500,1521918,2000.0,803.6,13.335,2.736,2.04,0.42,931.2,931.2,501.8,100,20.0,0.9,HOLD_RPM,0.00,0.00,0.00,0,0.0,3671,0,803.6,808.1
2.9000,1521968,2000.0,803.6,10.842,2.736,1.66,0.42,747.8,747.8,501.8,100,20.0,0.9,HOLD_RPM,0.00,0.00,0.00,0,0.0,3672,0,803.6,808.1
2.9500,1522018,2000.0,803.6,10.842,2.736,1.66,0.42,747.8,747.8,500.0,100,20.0,0.0,HOLD_RPM,0.00,0.00,0.00,0,0.0,3674,0,803.6,808.1
3.0000,1522068,2000.0,803.6,10.842,2.736,1.66,0.42,747.8,747.8,500.0,100,20.0,0.0,HOLD_RPM,0.00,0.00,0.00,0,0.0,3675,0,803.6,808.1
3.0500,1522118,2000.0,803.6,9.094,2.736,1.39,0.42,797.5,797.5,500.0,100,20.0,0.0,HOLD_RPM,0.00,0.00,0.00,0,0.0,3676,0,803.6,808.1
3.1000,1522168,2000.0,803.6,9.094,2.736,1.39,0.42,797.5,797.5,500.6,100,20.0,0.3,HOLD_RPM,0.00,0.00,0.00,0,0.0,3677,0,803.6,808.1
3.1500,1522218,2000.0,803.6,9.094,2.736,1.39,0.42,797.5,797.5,500.6,100,20.0,0.3,HOLD_RPM,0.00,0.00,0.00,0,0.0,3679,0,803.6,808.1
3.2000,1522268,2000.0,803.6,15.032,2.736,2.30,0.42,942.3,942.3,500.6,100,20.0,0.3,HOLD_RPM,0.00,0.00,0.00,0,0.0,3680,0,803.6,808.1
3.2500,1522318,2000.0,803.6,15.032,2.736,2.30,0.42,942.3,942.3,501.3,100,20.0,0.6,HOLD_RPM,0.00,0.00,0.00,0,0.0,3682,0,803.6,808.1
3.3000,1522368,2000.0,803.6,15.032,2.736,2.30,0.42,942.3,942.3,501.3,100,20.0,0.6,HOLD_RPM,0.00,0.00,0.00,0,0.0,3683,0,803.6,808.1
3.3500,1522418,2000.0,803.6,14.847,2.736,2.27,0.42,754.1,754.1,501.3,100,20.0,0.6,HOLD_RPM,0.00,0.00,0.00,0,0.0,3684,0,803.6,808.1
3.4000,1522468,2000.0,803.6,14.847,2.736,2.27,0.42,754.1,754.1,501.3,100,20.0,0.6,HOLD_RPM,0.00,0.00,0.00,0,0.0,3686,0,803.6,808.1
3.4500,1522518,2000.0,803.6,14.847,2.736,2.27,0.42,754.1,754.1,500.3,100,20.0,0.1,HOLD_RPM,0.00,0.00,0.00,0,0.0,3687,0,803.6,808.1
3.5000,1522568,2000.0,803.6,14.847,2.736,2.27,0.42,754.1,754.1,500.3,100,20.0,0.1,HOLD_RPM,0.00,0.00,0.00,0,0.0,3688,0,803.6,808.1
3.5500,1522618,2000.0,803.6,8.039,2.736,1.23,0.42,636.6,636.6,500.3,100,20.0,0.1,HOLD_RPM,0.00,0.00,0.00,0,0.0,3689,0,803.6,808.1
3.6000,1522668,2000.0,803.6,8.039,2.736,1.23,0.42,636.6,636.6,501.4,100,20.0,0.7,HOLD_RPM,0.00,0.00,0.00,0,0.0,3691,0,803.6,808.1
3.6500,1522718,2000.0,803.6,8.039,2.736,1.23,0.42,636.6,636.6,501.4,100,20.0,0.7,HOLD_RPM,0.00,0.00,0.00,0,0.0,3692,0,803.6,808.1
3.7000,1522768,2000.0,803.6,2.168,2.736,0.33,0.42,693.8,693.8,501.4,100,20.0,0.7,HOLD_RPM,0.00,0.00,0.00,0,0.0,3693,0,803.6,808.1
3.7500,1522818,2000.0,803.6,2.168,2.736,0.33,0.42,693.8,693.8,502.5,100,20.0,1.2,HOLD_RPM,0.00,0.00,0.00,0,0.0,3695,0,803.6,808.1
3.8000,1522868,2000.0,803.6,2.168,2.736,0.33,0.42,693.8,693.8,502.5,100,20.0,1.2,HOLD_RPM,0.00,0.00,0.00,0,0.0,3696,0,803.6,808.1
3.8500,1522918,2000.0,803.6,3.090,2.736,0.47,0.42,806.6,806.6,502.5,100,20.0,1.2,HOLD_RPM,0.00,0.00,0.00,0,0.0,3698,0,803.6,808.1
3.9000,1522968,2000.0,803.6,3.090,2.736,0.47,0.42,806.6,806.6,500.8,100,20.0,0.4,HOLD_RPM,0.00,0.00,0.00,0,0.0,3699,0,803.6,808.1
3.9500,1523018,2000.0,803.6,3.090,2.736,0.47,0.42,806.6,806.6,500.8,100,20.0,0.4,HOLD_RPM,0.00,0.00,0.00,0,0.0,3701,0,803.6,808.1
4.0000,1523068,2000.0,803.6,0.959,2.736,0.15,0.42,746.9,746.9,500.8,100,20.0,0.4,HOLD_RPM,0.00,0.00,0.00,0,0.0,3702,0,803.6,808.1
4.0500,1523118,2000.0,803.6,0.959,2.736,0.15,0.42,746.9,746.9,500.8,100,20.0,0.4,HOLD_RPM,0.00,0.00,0.00,0,0.0,3704,0,803.6,808.1
4.1000,1523168,2000.0,803.6,0.959,2.736,0.15,0.42,746.9,746.9,501.5,100,20.0,0.8,HOLD_RPM,0.00,0.00,0.00,0,0.0,3706,0,803.6,808.1
4.1500,1523218,2000.0,803.6,0.959,2.736,0.15,0.42,746.9,746.9,501.5,100,20.0,0.8,HOLD_RPM,0.00,0.00,0.00,0,0.0,3707,0,803.6,808.1
4.2000,1523268,2000.0,803.6,2.987,2.736,0.46,0.42,834.7,834.7,501.5,100,20.0,0.8,HOLD_RPM,0.00,0.00,0.00,0,0.0,3710,0,803.6,808.1
4.2500,1523318,2000.0,803.6,2.987,2.736,0.46,0.42,834.7,834.7,502.5,100,20.0,1.2,HOLD_RPM,0.00,0.00,0.00,0,0.0,3712,0,803.6,808.1
4.3000,1523368,2000.0,803.6,2.987,2.736,0.46,0.42,834.7,834.7,502.5,100,20.0,1.2,HOLD_RPM,0.00,0.00,0.00,0,0.0,3714,0,803.6,808.1
4.3500,1523418,2000.0,803.6,-0.361,2.736,-0.06,0.42,779.7,779.7,502.5,100,20.0,1.2,HOLD_RPM,0.00,0.00,0.00,0,0.0,3714,0,803.6,830.0
4.4000,1523468,2000.0,884.0,-0.361,2.736,-0.06,0.46,779.7,779.7,500.4,100,20.0,0.2,HOLD_RPM,0.00,0.00,0.00,0,0.0,3715,0,884.0,919.2
4.4500,1523518,2000.0,884.0,-0.361,2.736,-0.06,0.46,779.7,779.7,500.4,100,20.0,0.2,HOLD_RPM,0.00,0.00,0.00,0,0.0,3715,0,884.0,967.5
4.5000,1523568,2000.0,1014.1,-1.556,2.736,-0.30,0.53,694.1,694.1,500.4,100,20.0,0.2,HOLD_RPM,0.00,0.00,0.00,0,0.0,3715,0,1014.1,1037.4
4.5500,1523618,2000.0,1014.1,-1.556,2.736,-0.30,0.53,694.1,694.1,501.1,100,20.0,0.6,HOLD_RPM,0.00,0.00,0.00,0,0.0,3715,0,1014.1,1077.6
4.6000,1523668,2000.0,1115.3,-1.556,2.736,-0.33,0.58,694.1,694.1,501.1,100,20.0,0.6,HOLD_RPM,0.00,0.00,0.00,0,0.0,3715,0,1115.3,1134.7
4.6500,1523718,2000.0,1115.3,-3.953,2.736,-0.84,0.58,689.1,689.1,501.1,100,20.0,0.6,HOLD_RPM,0.00,0.00,0.00,0,0.0,3715,0,1115.3,1176.7
4.7000,1523768,2000.0,1202.5,-3.953,2.736,-0.91,0.63,689.1,689.1,501.4,100,20.0,0.7,HOLD_RPM,0.00,0.00,0.00,0,0.0,3715,0,1202.5,1229.5
4.7500,1523818,2000.0,1202.5,-3.953,2.736,-0.91,0.63,689.1,689.1,501.4,100,20.0,0.7,HOLD_RPM,0.00,0.00,0.00,0,0.0,3715,0,1202.5,1300.4
4.8000,1523868,2000.0,1311.0,-12.354,2.736,-3.08,0.68,562.5,562.5,501.4,100,20.0,0.7,HOLD_RPM,0.00,0.00,0.00,0,0.0,3715,0,1311.0,1335.5
4.8500,1523918,2000.0,1311.0,-12.354,2.736,-3.08,0.68,562.5,562.5,501.4,100,20.0,0.7,HOLD_RPM,0.00,0.00,0.00,0,0.0,3715,0,1311.0,1359.6
4.9000,1523968,2000.0,1367.4,-12.354,2.736,-3.22,0.71,562.5,562.5,501.8,100,20.0,0.9,HOLD_RPM,0.00,0.00,0.00,0,0.0,3716,0,1367.4,1376.5
4.9500,1524018,2000.0,1367.4,-12.354,2.736,-3.22,0.71,562.5,562.5,501.8,100,20.0,0.9,HOLD_RPM,0.00,0.00,0.00,0,0.0,3716,0,1367.4,1392.4
5.0000,1524068,2000.0,1399.3,-9.138,2.736,-2.43,0.73,899.4,899.4,501.8,100,20.0,0.9,HOLD_RPM,0.00,0.00,0.00,0,0.0,3716,0,1399.3,1405.9
5.0500,1524118,2000.0,1399.3,-9.138,2.736,-2.43,0.73,899.4,899.4,500.3,100,20.0,0.1,HOLD_RPM,0.00,0.00,0.00,0,0.0,3716,0,1399.3,1420.8
5.1000,1524168,2000.0,1425.2,-9.138,2.736,-2.48,0.74,899.4,899.4,500.3,100,20.0,0.1,HOLD_RPM,0.00,0.00,0.00,0,0.0,3716,0,1425.2,1427.6
5.1500,1524218,2000.0,1425.2,2.360,2.736,0.64,0.74,1156.2,1156.2,500.3,100,20.0,0.1,HOLD_RPM,0.00,0.00,0.00,0,0.0,3716,0,1425.2,1429.8
5.2000,1524268,2000.0,1428.8,2.360,2.736,0.64,0.74,1156.2,1156.2,500.3,100,20.0,0.1,HOLD_RPM,0.00,0.00,0.00,0,0.0,3716,0,1428.8,1427.9
5.2500,1524318,2000.0,1428.8,2.360,2.736,0.64,0.74,1156.2,1156.2,500.3,100,20.0,0.1,HOLD_RPM,0.00,0.00,0.00,0,0.0,3717,0,1428.8,1423.6
5.3000,1524368,2000.0,1418.1,4.927,2.736,1.33,0.74,809.7,809.7,500.3,100,20.0,0.1,HOLD_RPM,0.00,0.00,0.00,0,0.0,3717,0,1418.1,1410.3
5.3500,1524418,2000.0,1418.1,4.927,2.736,1.33,0.74,809.7,809.7,500.1,100,20.0,0.1,HOLD_RPM,0.00,0.00,0.00,0,0.0,3718,0,1418.1,1377.9
5.4000,1524468,2000.0,1375.4,4.927,2.736,1.29,0.72,809.7,809.7,500.1,100,20.0,0.1,HOLD_RPM,0.00,0.00,0.00,0,0.0,3718,0,1375.4,1367.9
5.4500,1524518,2000.0,1375.4,-4.934,2.736,-1.29,0.72,360.9,360.9,500.1,100,20.0,0.1,HOLD_RPM,0.00,0.00,0.00,0,0.0,3718,0,1375.4,1382.0
5.5000,1524568,2000.0,1377.4,-4.934,2.736,-1.29,0.72,360.9,360.9,501.6,100,20.0,0.8,HOLD_RPM,0.00,0.00,0.00,0,0.0,3718,0,1377.4,1374.9
5.5500,1524618,2000.0,1377.4,-4.934,2.736,-1.29,0.72,360.9,360.9,501.6,100,20.0,0.8,HOLD_RPM,0.00,0.00,0.00,0,0.0,3718,0,1377.4,1352.7
5.6000,1524668,2000.0,1355.3,4.875,2.736,1.26,0.71,1190.3,1190.3,501.6,100,20.0,0.8,HOLD_RPM,0.00,0.00,0.00,0,0.0,3718,0,1355.3,1360.1
5.6500,1524718,2000.0,1355.3,4.875,2.736,1.26,0.71,1190.3,1190.3,501.6,100,20.0,0.8,HOLD_RPM,0.00,0.00,0.00,0,0.0,3718,0,1355.3,1371.1
5.7000,1524768,2000.0,1365.1,4.875,2.736,1.27,0.71,1190.3,1190.3,500.5,100,20.0,0.3,HOLD_RPM,0.00,0.00,0.00,0,0.0,3718,0,1365.1,1358.6
5.7500,1524818,2000.0,1365.1,4.875,2.736,1.27,0.71,1190.3,1190.3,500.5,100,20.0,0.3,HOLD_RPM,0.00,0.00,0.00,0,0.0,3718,0,1365.1,1347.4
5.8000,1524868,2000.0,1348.7,-0.531,2.736,-0.14,0.70,590.3,590.3,500.5,100,20.0,0.3,HOLD_RPM,0.00,0.00,0.00,0,0.0,3718,0,1348.7,1350.1
5.8500,1524918,2000.0,1348.7,-0.531,2.736,-0.14,0.70,590.3,590.3,501.4,100,20.0,0.7,HOLD_RPM,0.00,0.00,0.00,0,0.0,3719,0,1348.7,1331.5
5.9000,1524968,2000.0,1328.3,-0.531,2.736,-0.13,0.69,590.3,590.3,501.4,100,20.0,0.7,HOLD_RPM,0.00,0.00,0.00,0,0.0,3720,0,1328.3,1321.1
5.9500,1525018,2000.0,1328.3,-6.269,2.736,-1.59,0.69,520.3,520.3,501.4,100,20.0,0.7,HOLD_RPM,0.00,0.00,0.00,0,0.0,3720,0,1328.3,1311.8
6.0000,1525068,2000.0,1315.5,-6.269,2.736,-1.57,0.69,520.3,520.3,503.2,100,20.0,1.6,HOLD_RPM,0.00,0.00,0.00,0,0.0,3721,0,1315.5,1317.3
6.0500,1525118,2000.0,1315.5,-6.269,2.736,-1.57,0.69,520.3,520.3,503.2,100,20.0,1.6,HOLD_RPM,0.00,0.00,0.00,0,0.0,3721,0,1315.5,1308.6
6.1000,1525168,2000.0,1301.0,-2.869,2.736,-0.71,0.68,847.8,847.8,503.2,100,20.0,1.6,HOLD_RPM,0.00,0.00,0.00,0,0.0,3721,0,1301.0,1293.5
6.1500,1525218,2000.0,1301.0,-2.869,2.736,-0.71,0.68,847.8,847.8,502.0,100,20.0,1.0,HOLD_RPM,0.00,0.00,0.00,0,0.0,3721,0,1301.0,1300.7
6.2000,1525268,2000.0,1304.2,-2.869,2.736,-0.71,0.68,847.8,847.8,502.0,100,20.0,1.0,HOLD_RPM,0.00,0.00,0.00,0,0.0,3721,0,1304.2,1306.3
6.2500,1525318,2000.0,1304.2,-3.385,2.736,-0.84,0.68,665.6,665.6,502.0,100,20.0,1.0,HOLD_RPM,0.00,0.00,0.00,0,0.0,3722,0,1304.2,1304.6
6.3000,1525368,2000.0,1313.3,-3.385,2.736,-0.85,0.68,665.6,665.6,502.0,100,20.0,1.0,HOLD_RPM,0.00,0.00,0.00,0,0.0,3722,0,1313.3,1322.1
6.3500,1525418,2000.0,1313.3,-3.385,2.736,-0.85,0.68,665.6,665.6,503.8,100,20.0,1.9,HOLD_RPM,0.00,0.00,0.00,0,0.0,3723,0,1313.3,1357.2
6.4000,1525468,2000.0,1368.9,-3.385,2.736,-0.88,0.71,665.6,665.6,503.8,100,20.0,1.9,HOLD_RPM,0.00,0.00,0.00,0,0.0,3723,0,1368.9,1393.2
6.4500,1525518,2000.0,1368.9,1.128,2.736,0.29,0.71,766.6,766.6,503.8,100,20.0,1.9,HOLD_RPM,0.00,0.00,0.00,0,0.0,3723,0,1368.9,1429.3
6.5000,1525568,2000.0,1431.4,1.128,2.736,0.31,0.75,766.6,766.6,500.0,100,20.0,0.0,HOLD_RPM,0.00,0.00,0.00,0,0.0,3723,0,1431.4,1440.5
6.5500,1525618,2000.0,1431.4,1.128,2.736,0.31,0.75,766.6,766.6,500.0,100,20.0,0.0,HOLD_RPM,0.00,0.00,0.00,0,0.0,3723,0,1431.4,1478.7
6.6000,1525668,2000.0,1490.0,-10.547,2.736,-2.99,0.78,371.9,371.9,500.0,100,20.0,0.0,HOLD_RPM,0.00,0.00,0.00,0,0.0,3724,0,1490.0,1510.9
6.6500,1525718,2000.0,1490.0,-10.547,2.736,-2.99,0.78,371.9,371.9,501.6,100,20.0,0.8,HOLD_RPM,0.00,0.00,0.00,0,0.0,3724,0,1490.0,1517.1
6.7000,1525768,2000.0,1517.4,-10.547,2.369,-3.05,0.68,371.9,371.9,501.6,100,20.0,0.8,HOLD_RPM,0.00,0.00,0.00,0,0.0,3725,0,1517.4,1516.6
6.7500,1525818,2000.0,1517.4,-26.301,2.369,-7.60,0.68,444.0,444.0,501.6,100,20.0,0.8,HOLD_RPM,0.00,0.00,0.00,0,0.0,3725,0,1517.4,1523.5
6.8000,1525868,2000.0,1518.9,-26.301,2.337,-7.61,0.68,444.0,444.0,503.0,100,20.0,1.5,HOLD_RPM,0.00,0.00,0.00,0,0.0,3725,0,1518.9,1510.1
6.8500,1525918,2000.0,1518.9,-26.301,2.337,-7.61,0.68,444.0,444.0,503.0,100,20.0,1.5,HOLD_RPM,0.00,0.00,0.00,0,0.0,3725,0,1518.9,1514.8
6.9000,1525968,2000.0,1526.8,-19.346,2.170,-5.62,0.63,1124.1,1124.1,503.0,100,20.0,1.5,HOLD_RPM,0.00,0.00,0.00,0,0.0,3725,0,1526.8,1541.0
6.9500,1526018,2000.0,1526.8,-19.346,2.170,-5.62,0.63,1124.1,1124.1,501.4,100,20.0,0.7,HOLD_RPM,0.00,0.00,0.00,0,0.0,3725,0,1526.8,1552.9
7.0000,1526068,2000.0,1560.2,-19.346,1.465,-5.75,0.44,1124.1,1124.1,501.4,100,20.0,0.7,HOLD_RPM,0.00,0.00,0.00,0,0.0,3726,0,1560.2,1568.0
7.0500,1526118,2000.0,1560.2,-13.977,1.465,-4.15,0.44,603.8,603.8,501.4,100,20.0,0.7,HOLD_RPM,0.00,0.00,0.00,0,0.0,3726,0,1560.2,1598.4
7.1000,1526168,2000.0,1606.9,-13.977,0.699,-4.28,0.21,603.8,603.8,501.4,100,20.0,0.7,HOLD_RPM,0.00,0.00,0.00,0,0.0,3726,0,1606.9,1620.3
7.1500,1526218,2000.0,1606.9,-13.977,0.699,-4.28,0.21,603.8,603.8,499.8,100,20.0,-0.1,HOLD_RPM,0.00,0.00,0.00,0,0.0,3727,0,1606.9,1658.8
7.2000,1526268,2000.0,1661.1,-13.977,1.279,-4.42,0.40,603.8,603.8,499.8,100,20.0,-0.1,HOLD_RPM,0.00,0.00,0.00,0,0.0,3727,0,1661.1,1680.6
7.2500,1526318,2000.0,1661.1,-19.995,1.279,-6.32,0.40,918.1,918.1,499.8,100,20.0,-0.1,HOLD_RPM,0.00,0.00,0.00,0,0.0,3727,0,1661.1,1718.6
7.3000,1526368,2000.0,1727.5,-19.995,2.547,-6.58,0.84,918.1,918.1,501.1,100,20.0,0.6,HOLD_RPM,0.00,0.00,0.00,0,0.0,3727,0,1727.5,1747.1
7.3500,1526418,2000.0,1727.5,-19.995,2.547,-6.58,0.84,918.1,918.1,501.1,100,20.0,0.6,HOLD_RPM,0.00,0.00,0.00,0,0.0,3727,0,1727.5,1766.3
7.4000,1526468,2000.0,1774.4,-15.157,3.998,-5.12,1.35,809.1,809.1,501.1,100,20.0,0.6,HOLD_RPM,0.00,0.00,0.00,0,0.0,3727,0,1774.4,1794.9
7.4500,1526518,2000.0,1774.4,-15.157,3.998,-5.12,1.35,809.1,809.1,500.9,100,20.0,0.4,HOLD_RPM,0.00,0.00,0.00,0,0.0,3727,0,1774.4,1823.4
7.5000,1526568,2000.0,1822.0,-15.157,6.333,-5.26,2.20,809.1,809.1,500.9,100,20.0,0.4,HOLD_RPM,0.00,0.00,0.00,0,0.0,3727,0,1822.0,1820.9
7.5500,1526618,2000.0,1822.0,-8.106,6.333,-2.81,2.20,839.1,839.1,500.9,100,20.0,0.4,HOLD_RPM,0.00,0.00,0.00,0,0.0,3729,0,1822.0,1851.6
7.6000,1526668,2000.0,1858.8,-8.106,8.914,-2.87,3.15,839.1,839.1,501.0,100,20.0,0.5,HOLD_RPM,0.00,0.00,0.00,0,0.0,3730,0,1858.8,1877.5
7.6500,1526718,2000.0,1858.8,-8.106,8.914,-2.87,3.15,839.1,839.1,501.0,100,20.0,0.5,HOLD_RPM,0.00,0.00,0.00,0,0.0,3730,0,1858.8,1884.3
7.7000,1526768,2000.0,1893.7,-7.523,11.361,-2.71,4.10,874.1,874.1,501.0,100,20.0,0.5,HOLD_RPM,0.00,0.00,0.00,0,0.0,3731,0,1893.7,1907.9
7.7500,1526818,2000.0,1893.7,-7.523,11.361,-2.71,4.10,874.1,874.1,501.0,100,20.0,0.5,HOLD_RPM,0.00,0.00,0.00,0,0.0,3731,0,1893.7,1930.6
7.8000,1526868,2000.0,1934.3,-7.523,12.325,-2.77,4.54,874.1,874.1,502.5,100,20.0,1.2,HOLD_RPM,0.00,0.00,0.00,0,0.0,3732,0,1934.3,1946.8
7.8500,1526918,2000.0,1934.3,-7.523,12.325,-2.77,4.54,874.1,874.1,502.5,100,20.0,1.2,HOLD_RPM,0.00,0.00,0.00,0,0.0,3732,0,1934.3,1955.0
7.9000,1526968,2000.0,1957.3,-9.330,12.675,-3.48,4.72,584.1,584.1,502.5,100,20.0,1.2,HOLD_RPM,0.00,0.00,0.00,0,0.0,3732,0,1957.3,1964.6
7.9500,1527018,2000.0,1957.3,-9.330,12.675,-3.48,4.72,584.1,584.1,500.4,100,20.0,0.2,HOLD_RPM,0.00,0.00,0.00,0,0.0,3732,0,1957.3,1984.7
8.0000,1527068,2000.0,1985.9,-9.330,13.110,-3.53,4.96,584.1,584.1,500.4,100,20.0,0.2,HOLD_RPM,0.00,0.00,0.00,0,0.0,3732,0,1985.9,1989.6
8.0500,1527118,2000.0,1985.9,-13.232,13.110,-5.00,4.96,590.3,590.3,500.4,100,20.0,0.2,HOLD_RPM,0.00,0.00,0.00,0,0.0,3732,0,1985.9,1997.7
8.1000,1527168,2000.0,1998.7,-13.232,13.305,-5.04,5.06,590.3,590.3,501.8,100,20.0,0.9,HOLD_RPM,0.00,0.00,0.00,0,0.0,3732,0,1998.7,2003.3
8.1500,1527218,2000.0,1998.7,-13.232,13.305,-5.04,5.06,590.3,590.3,501.8,100,20.0,0.9,HOLD_RPM,0.00,0.00,0.00,0,0.0,3732,0,1998.7,2012.6
8.2000,1527268,2000.0,2003.3,0.730,13.370,0.28,5.10,1002.8,1002.8,501.8,100,20.0,0.9,HOLD_RPM,0.00,0.00,0.00,0,0.0,3732,0,2003.3,1987.9
8.2500,1527318,2000.0,2003.3,0.730,13.370,0.28,5.10,1002.8,1002.8,501.4,100,20.0,0.7,HOLD_RPM,0.65,100.02,100.67,0,0.0,3732,0,2003.3,1999.1
8.3000,1527368,2000.0,2004.1,0.730,13.381,0.28,5.11,1002.8,1002.8,501.4,100,20.0,0.7,HOLD_RPM,0.65,100.03,100.69,0,0.0,3732,0,2004.1,2010.9
8.3500,1527418,2000.0,2004.1,9.470,13.381,3.61,5.11,838.8,838.8,501.4,101,20.2,0.7,HOLD_RPM,0.81,100.05,101.03,0,0.0,3732,0,2004.1,2025.2
8.4000,1527468,2000.0,2029.5,9.470,13.733,3.66,5.31,838.8,838.8,499.8,100,20.0,-0.1,HOLD_RPM,0.81,100.07,100.89,0,0.0,3732,0,2029.5,2039.6
8.4500,1527518,2000.0,2029.5,9.470,13.733,3.66,5.31,838.8,838.8,499.8,102,20.4,-0.1,HOLD_RPM,5.89,100.22,111.19,0,0.0,3732,0,2029.5,2058.5
8.5000,1527568,2000.0,2064.8,8.047,14.223,3.16,5.59,1060.0,1060.0,499.8,109,21.8,-0.1,HOLD_RPM,5.89,100.37,106.26,0,0.0,3732,0,2064.8,2075.5
8.5500,1527618,2000.0,2064.8,8.047,14.223,3.16,5.59,1060.0,1060.0,499.8,106,21.2,-0.1,HOLD_RPM,12.96,100.69,120.72,0,0.0,3732,0,2064.8,2075.6
8.6000,1527668,2000.0,2081.4,8.047,14.453,3.19,5.73,1060.0,1060.0,503.6,112,22.4,1.8,HOLD_RPM,12.96,101.02,113.98,0,0.0,3732,0,2081.4,2087.1
8.6500,1527718,2000.0,2081.4,8.047,14.453,3.19,5.73,1060.0,1060.0,503.6,115,23.0,1.8,HOLD_RPM,16.28,101.42,121.02,0,0.0,3733,0,2081.4,2093.9
8.7000,1527768,2000.0,2090.1,15.776,14.573,6.28,5.80,953.1,953.1,503.6,120,24.0,1.8,HOLD_RPM,16.28,101.83,118.11,0,0.0,3734,0,2090.1,2085.9
8.7500,1527818,2000.0,2090.1,15.776,14.573,6.28,5.80,953.1,953.1,499.0,120,24.0,-0.5,HOLD_RPM,18.01,102.28,122.02,0,0.0,3735,0,2090.1,2081.8
8.8000,1527868,2000.0,2084.0,15.776,14.489,6.26,5.75,953.1,953.1,499.0,120,24.0,-0.5,HOLD_RPM,18.01,102.73,120.74,0,0.0,3735,0,2084.0,2086.4
8.8500,1527918,2000.0,2084.0,15.275,14.489,6.06,5.75,895.3,895.3,499.0,118,23.6,-0.5,HOLD_RPM,16.80,103.15,118.73,0,0.0,3735,0,2084.0,2088.1
8.9000,1527968,2000.0,2087.2,15.275,14.533,6.07,5.78,895.3,895.3,504.9,120,24.0,2.4,HOLD_RPM,16.80,103.57,120.37,0,0.0,3735,0,2087.2,2085.4
8.9500,1528018,2000.0,2087.2,15.275,14.533,6.07,5.78,895.3,895.3,504.9,122,24.4,2.4,HOLD_RPM,17.43,104.01,122.08,0,0.0,3735,0,2087.2,2082.9
9.0000,1528068,2000.0,2085.0,14.855,14.503,5.90,5.76,790.0,790.0,504.9,121,24.2,2.4,HOLD_RPM,17.43,104.44,121.88,0,0.0,3735,0,2085.0,2084.9
9.0500,1528118,2000.0,2085.0,14.855,14.503,5.90,5.76,790.0,790.0,499.0,121,24.2,-0.5,HOLD_RPM,17.01,104.87,121.45,0,0.0,3736,0,2085.0,2085.9
9.1000,1528168,2000.0,2089.6,14.855,14.566,5.91,5.80,790.0,790.0,499.0,122,24.4,-0.5,HOLD_RPM,17.01,105.29,122.30,0,0.0,3737,0,2089.6,2094.8
9.1500,1528218,2000.0,2089.6,21.773,14.566,8.66,5.80,1151.9,1151.9,499.0,124,24.8,-0.5,HOLD_RPM,17.92,105.74,124.57,0,0.0,3737,0,2089.6,2102.5
9.2000,1528268,2000.0,2108.2,21.773,14.669,8.74,5.89,1151.9,1151.9,499.0,124,24.8,-0.5,HOLD_RPM,17.92,106.19,124.11,0,0.0,3738,0,2108.2,2118.0
9.2500,1528318,2000.0,2108.2,21.773,14.669,8.74,5.89,1151.9,1151.9,501.4,126,25.2,0.7,HOLD_RPM,21.64,106.73,132.09,0,0.0,3738,0,2108.2,2131.0
9.3000,1528368,2000.0,2133.0,21.773,14.544,8.84,5.91,1151.9,1151.9,501.4,131,26.2,0.7,HOLD_RPM,21.64,107.27,128.91,0,0.0,3739,0,2133.0,2143.5
9.3500,1528418,2000.0,2133.0,16.352,14.544,6.64,5.91,629.1,629.1,501.4,130,26.0,0.7,HOLD_RPM,26.60,107.94,139.51,0,0.0,3740,0,2133.0,2152.9
9.4000,1528468,2000.0,2150.7,16.352,14.455,6.70,5.92,629.1,629.1,503.5,137,27.4,1.8,HOLD_RPM,26.60,108.60,135.21,0,0.0,3740,0,2150.7,2149.0
9.4500,1528518,2000.0,2150.7,16.352,14.455,6.70,5.92,629.1,629.1,503.5,137,27.4,1.8,HOLD_RPM,30.15,109.35,143.05,0,0.0,3741,0,2150.7,2144.9
9.5000,1528568,2000.0,2148.3,21.375,14.467,8.74,5.92,810.9,810.9,503.5,142,28.4,1.8,HOLD_RPM,30.15,110.11,140.26,0,0.0,3743,0,2148.3,2152.5
9.5500,1528618,2000.0,2148.3,21.375,14.467,8.74,5.92,810.9,810.9,502.4,140,28.0,1.2,HOLD_RPM,29.65,110.85,140.01,0,0.0,3743,0,2148.3,2144.5
9.6000,1528668,2000.0,2147.5,21.375,14.471,8.74,5.92,810.9,810.9,502.4,141,28.2,1.2,HOLD_RPM,29.65,111.59,141.25,0,0.0,3743,0,2147.5,2147.3
9.6500,1528718,2000.0,2147.5,28.219,14.471,11.54,5.92,899.7,899.7,502.4,141,28.2,1.2,HOLD_RPM,29.51,112.33,141.69,0,0.0,3743,0,2147.5,2155.2
9.7000,1528768,2000.0,2160.3,28.219,14.406,11.61,5.93,899.7,899.7,498.0,142,28.4,-1.0,HOLD_RPM,29.51,113.07,142.57,0,0.0,3743,0,2160.3,2168.5
9.7500,1528818,2000.0,2160.3,28.219,14.406,11.61,5.93,899.7,899.7,498.0,144,28.8,-1.0,HOLD_RPM,32.07,113.87,148.50,0,0.0,3744,0,2160.3,2186.3
9.8000,1528868,2000.0,2191.6,22.577,14.248,9.42,5.95,747.8,747.8,498.0,146,29.2,-1.0,HOLD_RPM,32.07,114.67,146.74,0,0.0,3744,0,2191.6,2203.5
9.8500,1528918,2000.0,2191.6,22.577,14.248,9.42,5.95,747.8,747.8,502.4,148,29.6,1.2,HOLD_RPM,38.32,115.63,160.19,0,0.0,3745,0,2191.6,2218.2
9.9000,1528968,2000.0,2228.6,22.577,15.357,9.58,6.52,747.8,747.8,502.4,158,31.6,1.2,HOLD_RPM,38.32,116.59,154.90,0,0.0,3745,0,2228.6,2248.4
9.9500,1529018,2000.0,2228.6,19.154,15.357,8.13,6.52,684.1,684.1,502.4,162,32.4,1.2,HOLD_RPM,45.72,117.73,170.85,0,0.0,3745,0,2228.6,2263.5
10.0000,1529068,2000.0,2266.5,19.154,16.882,8.27,7.29,684.1,684.1,502.4,169,33.8,1.2,HOLD_RPM,45.72,118.87,164.59,0,0.0,3745,0,2266.5,2272.8
10.0500,1529118,2000.0,2266.5,19.154,16.882,8.27,7.29,684.1,684.1,502.1,167,33.4,1.1,HOLD_RPM,53.29,120.20,181.07,0,0.0,3745,0,2266.5,2270.3
10.1000,1529168,2000.0,2272.7,19.154,17.132,8.29,7.41,684.1,684.1,502.1,171,34.2,1.1,HOLD_RPM,53.29,121.54,174.83,0,0.0,3746,0,2272.7,2278.1
10.1500,1529218,2000.0,2272.7,11.513,17.132,4.98,7.41,714.7,714.7,502.1,175,35.0,1.1,HOLD_RPM,54.55,122.90,178.70,0,0.0,3746,0,2272.7,2287.6
10.2000,1529268,2000.0,2291.1,11.513,17.873,5.02,7.80,714.7,714.7,497.5,178,35.6,-1.2,HOLD_RPM,54.55,124.26,178.81,0,0.0,3748,0,2291.1,2300.0
10.2500,1529318,2000.0,2291.1,11.513,17.873,5.02,7.80,714.7,714.7,497.5,180,36.0,-1.2,HOLD_RPM,58.23,125.72,187.63,0,0.0,3748,0,2291.1,2317.3
10.3000,1529368,2000.0,2321.9,8.593,18.639,3.80,8.24,821.2,821.2,497.5,185,37.0,-1.2,HOLD_RPM,58.23,127.17,185.40,0,0.0,3748,0,2321.9,2334.3
10.3500,1529418,2000.0,2321.9,8.593,18.639,3.80,8.24,821.2,821.2,498.5,187,37.4,-0.7,HOLD_RPM,64.38,128.78,199.31,0,0.0,3749,0,2321.9,2335.9
10.4000,1529468,2000.0,2335.1,8.593,18.885,3.82,8.40,821.2,821.2,498.5,197,39.4,-0.7,HOLD_RPM,64.38,130.39,194.77,0,0.0,3749,0,2335.1,2333.4
10.4500,1529518,2000.0,2335.1,12.575,18.885,5.59,8.40,1075.3,1075.3,498.5,201,40.2,-0.7,HOLD_RPM,67.01,132.07,201.71,0,0.0,3752,0,2335.1,2341.7
10.5000,1529568,2000.0,2343.2,12.575,19.036,5.61,8.49,1075.3,1075.3,503.4,200,40.0,1.7,HOLD_RPM,67.01,133.74,200.76,0,0.0,3752,0,2343.2,2349.3
10.5500,1529618,2000.0,2343.2,12.575,19.036,5.61,8.49,1075.3,1075.3,503.4,202,40.4,1.7,HOLD_RPM,68.65,135.46,205.75,0,0.0,3752,0,2343.2,2337.9
10.6000,1529668,2000.0,2337.9,11.631,18.937,5.18,8.43,747.2,747.2,503.4,205,41.0,1.7,HOLD_RPM,68.65,137.18,205.83,0,0.0,3752,0,2337.9,2328.6
10.6500,1529718,2000.0,2337.9,11.631,18.937,5.18,8.43,747.2,747.2,503.4,205,41.0,1.7,HOLD_RPM,67.59,138.87,205.39,0,0.0,3753,0,2337.9,2342.9
10.7000,1529768,2000.0,2346.5,11.631,19.097,5.20,8.53,747.2,747.2,505.5,207,41.4,2.8,HOLD_RPM,67.59,140.56,208.14,0,0.0,3755,0,2346.5,2355.8
10.7500,1529818,2000.0,2346.5,11.631,19.097,5.20,8.53,747.2,747.2,505.5,210,42.0,2.8,HOLD_RPM,69.30,142.29,213.31,0,0.0,3755,0,2346.5,2361.2
10.8000,1529868,2000.0,2363.9,2.559,19.422,1.15,8.74,741.9,741.9,505.5,213,42.6,2.8,HOLD_RPM,69.30,144.02,213.33,0,0.0,3756,0,2363.9,2368.4
10.8500,1529918,2000.0,2363.9,2.559,19.422,1.15,8.74,741.9,741.9,498.3,215,43.0,-0.9,HOLD_RPM,72.79,145.84,222.11,0,0.0,3759,0,2363.9,2377.9
10.9000,1529968,2000.0,2377.7,2.559,19.679,1.16,8.91,741.9,741.9,498.3,220,44.0,-0.9,HOLD_RPM,72.79,147.66,220.45,0,0.0,3759,0,2377.7,2379.2
10.9500,1530018,2000.0,2377.7,8.460,19.679,3.83,8.91,895.6,895.6,498.3,222,44.4,-0.9,HOLD_RPM,75.53,149.55,227.83,0,0.0,3759,0,2377.7,2389.6
11.0000,1530068,2000.0,2390.9,8.460,19.925,3.85,9.07,895.6,895.6,502.6,226,45.2,1.3,HOLD_RPM,75.53,151.44,226.97,0,0.0,3759,0,2390.9,2395.4
11.0500,1530118,2000.0,2390.9,8.460,19.925,3.85,9.07,895.6,895.6,502.6,228,45.6,1.3,HOLD_RPM,78.19,153.39,234.23,0,0.0,3761,0,2390.9,2398.1
11.1000,1530168,2000.0,2402.1,10.599,20.081,4.85,9.18,907.8,907.8,502.6,233,46.6,1.3,HOLD_RPM,78.19,155.35,233.53,0,0.0,3763,0,2402.1,2409.1
11.1500,1530218,2000.0,2402.1,10.599,20.081,4.85,9.18,907.8,907.8,502.8,235,47.0,1.4,HOLD_RPM,80.42,157.36,240.02,0,0.0,3763,0,2402.1,2389.5
11.2000,1530268,2000.0,2386.5,10.599,19.843,4.82,9.02,907.8,907.8,502.8,239,47.8,1.4,HOLD_RPM,80.42,159.37,239.79,0,0.0,3764,0,2386.5,2375.6
11.2500,1530318,2000.0,2386.5,5.635,19.843,2.56,9.02,675.3,675.3,502.8,237,47.4,1.4,HOLD_RPM,77.30,161.30,235.48,0,0.0,3764,0,2386.5,2361.6
11.3000,1530368,2000.0,2367.8,5.635,19.494,2.54,8.79,675.3,675.3,500.4,237,47.4,0.2,HOLD_RPM,77.30,163.23,240.54,0,0.0,3765,0,2367.8,2373.2
11.3500,1530418,2000.0,2367.8,5.635,19.494,2.54,8.79,675.3,675.3,500.4,238,47.6,0.2,HOLD_RPM,73.57,165.07,234.91,0,0.0,3765,0,2367.8,2382.7
11.4000,1530468,2000.0,2388.5,9.116,19.880,4.15,9.04,905.0,905.0,500.4,235,47.0,0.2,HOLD_RPM,73.57,166.91,240.48,0,0.0,3767,0,2388.5,2393.8
11.4500,1530518,2000.0,2388.5,9.116,19.880,4.15,9.04,905.0,905.0,500.4,241,48.2,0.2,HOLD_RPM,77.70,168.85,250.69,0,0.0,3767,0,2388.5,2403.5
11.5000,1530568,2000.0,2400.9,9.116,20.089,4.17,9.18,905.0,905.0,502.6,248,49.6,1.3,HOLD_RPM,77.70,170.80,248.50,0,0.0,3767,0,2400.9,2398.8
11.5500,1530618,2000.0,2400.9,9.116,20.089,4.17,9.18,905.0,905.0,502.6,248,49.6,1.3,HOLD_RPM,80.18,172.80,255.46,0,0.0,3768,0,2400.9,2384.3
11.6000,1530668,2000.0,2381.6,9.161,19.752,4.15,8.96,686.2,686.2,502.6,253,50.6,1.3,HOLD_RPM,80.18,174.81,254.99,0,0.0,3769,0,2381.6,2374.4
11.6500,1530718,2000.0,2381.6,9.161,19.752,4.15,8.96,686.2,686.2,495.5,252,50.4,-2.2,HOLD_RPM,76.31,176.71,249.16,0,0.0,3769,0,2381.6,2373.3
11.7000,1530768,2000.0,2371.6,9.161,19.565,4.14,8.83,686.2,686.2,495.5,251,50.2,-2.2,HOLD_RPM,76.31,178.62,254.93,0,0.0,3769,0,2371.6,2370.5
11.7500,1530818,2000.0,2371.6,11.019,19.565,4.98,8.83,798.8,798.8,495.5,253,50.6,-2.2,HOLD_RPM,74.32,180.48,252.80,0,0.0,3769,0,2371.6,2373.0
11.8000,1530868,2000.0,2374.8,11.019,19.625,4.98,8.87,798.8,798.8,502.9,254,50.8,1.4,HOLD_RPM,74.32,182.34,256.66,0,0.0,3769,0,2374.8,2381.1
11.8500,1530918,2000.0,2374.8,11.019,19.625,4.98,8.87,798.8,798.8,502.9,258,51.6,1.4,HOLD_RPM,74.96,184.21,259.81,0,0.0,3769,0,2374.8,2391.4
11.9000,1530968,2000.0,2394.3,16.352,19.988,7.45,9.11,1062.2,1062.2,502.9,261,52.2,1.4,HOLD_RPM,74.96,186.09,261.04,0,0.0,3769,0,2394.3,2403.9
11.9500,1531018,2000.0,2394.3,16.352,19.988,7.45,9.11,1062.2,1062.2,502.6,263,52.6,1.3,HOLD_RPM,78.86,188.06,270.82,0,0.0,3769,0,2394.3,2401.1
12.0000,1531068,2000.0,2398.9,16.352,20.074,7.47,9.17,1062.2,1062.2,502.6,268,53.6,1.3,HOLD_RPM,78.86,190.03,268.89,0,0.0,3769,0,2398.9,2394.5
12.0500,1531118,2000.0,2398.9,10.909,20.074,4.98,9.17,829.4,829.4,502.6,270,54.0,1.3,HOLD_RPM,79.78,192.02,272.73,0,0.0,3771,0,2398.9,2394.0
12.1000,1531168,2000.0,2391.8,10.909,19.942,4.97,9.08,829.4,829.4,502.6,273,54.6,1.3,HOLD_RPM,79.78,194.02,273.80,0,0.0,3772,0,2391.8,2390.6
12.1500,1531218,2000.0,2391.8,10.909,19.942,4.97,9.08,829.4,829.4,500.1,272,54.4,0.1,HOLD_RPM,78.37,195.98,272.93,0,0.0,3772,0,2391.8,2393.5
12.2000,1531268,2000.0,2396.9,10.909,20.037,4.98,9.14,829.4,829.4,500.1,274,54.8,0.1,HOLD_RPM,78.37,197.94,276.30,0,0.0,3773,0,2396.9,2404.4
12.2500,1531318,2000.0,2396.9,10.680,20.037,4.87,9.14,736.9,736.9,500.1,278,55.6,0.1,HOLD_RPM,79.39,199.92,280.32,0,0.0,3773,0,2396.9,2413.3
12.3000,1531368,2000.0,2416.5,10.680,19.987,4.91,9.20,736.9,736.9,502.9,281,56.2,1.4,HOLD_RPM,79.39,201.91,281.29,0,0.0,3773,0,2416.5,2423.3
12.3500,1531418,2000.0,2416.5,10.680,19.987,4.91,9.20,736.9,736.9,502.9,283,56.6,1.4,HOLD_RPM,83.30,203.99,291.20,0,0.0,3774,0,2416.5,2430.2
12.4000,1531468,2000.0,2430.0,16.580,19.899,7.67,9.21,1008.4,1008.4,502.9,290,58.0,1.4,HOLD_RPM,83.30,206.07,289.37,0,0.0,3775,0,2430.0,2431.2
12.4500,1531518,2000.0,2430.0,16.580,19.899,7.67,9.21,1008.4,1008.4,499.3,290,58.0,-0.4,HOLD_RPM,86.00,208.22,296.91,0,0.0,3776,0,2430.0,2447.1
12.5000,1531568,2000.0,2452.0,16.580,19.755,7.74,9.22,1008.4,1008.4,499.3,296,59.2,-0.4,HOLD_RPM,86.00,210.37,296.37,0,0.0,3778,0,2452.0,2467.7
12.5500,1531618,2000.0,2452.0,13.608,19.755,6.35,9.22,761.2,761.2,499.3,298,59.6,-0.4,HOLD_RPM,90.40,212.63,307.44,0,0.0,3778,0,2452.0,2471.9
12.6000,1531668,2000.0,2479.5,13.608,19.576,6.42,9.24,761.2,761.2,503.9,305,61.0,1.9,HOLD_RPM,90.40,214.89,305.29,0,0.0,3778,0,2479.5,2494.3
12.6500,1531718,2000.0,2479.5,13.608,19.576,6.42,9.24,761.2,761.2,503.9,307,61.4,1.9,HOLD_RPM,95.90,217.29,318.68,0,0.0,3778,0,2479.5,2505.5
12.7000,1531768,2000.0,2506.3,17.340,19.318,8.27,9.22,1076.6,1076.6,503.9,316,63.2,1.9,HOLD_RPM,95.90,219.69,315.58,0,0.0,3778,0,2506.3,2514.0
12.7500,1531818,2000.0,2506.3,17.340,19.318,8.27,9.22,1076.6,1076.6,502.0,315,63.0,1.0,HOLD_RPM,101.26,222.22,328.84,0,0.0,3779,0,2506.3,2526.6
12.8000,1531868,2000.0,2527.8,17.340,18.896,8.35,9.09,1076.6,1076.6,502.0,323,64.6,1.0,HOLD_RPM,101.26,224.75,326.01,0,0.0,3779,0,2527.8,2532.8
12.8500,1531918,2000.0,2527.8,27.231,18.896,13.11,9.09,1122.2,1122.2,502.0,328,65.6,1.0,HOLD_RPM,105.55,227.39,337.23,0,0.0,3780,0,2527.8,2531.8
12.9000,1531968,2000.0,2541.9,27.231,18.620,13.18,9.01,1122.2,1122.2,502.0,335,67.0,1.0,HOLD_RPM,105.55,230.03,335.58,0,0.0,3781,0,2541.9,2559.3
12.9500,1532018,2000.0,2541.9,27.231,18.620,13.18,9.01,1122.2,1122.2,501.0,337,67.4,0.5,HOLD_RPM,108.38,232.74,343.94,0,0.0,3782,0,2541.9,2580.9
13.0000,1532068,2000.0,2580.7,27.231,17.858,13.38,8.78,1122.2,1122.2,501.0,343,68.6,0.5,HOLD_RPM,108.38,235.44,343.82,0,0.0,3782,0,2580.7,2592.0
13.0500,1532118,2000.0,2580.7,22.842,17.858,11.22,8.78,706.6,706.6,501.0,345,69.0,0.5,HOLD_RPM,116.13,238.35,362.24,0,0.0,3782,0,2580.7,2597.7
13.1000,1532168,2000.0,2597.8,22.842,17.523,11.30,8.67,706.6,706.6,507.0,356,71.2,3.5,HOLD_RPM,116.13,241.25,357.39,0,0.0,3783,0,2597.8,2601.0
13.1500,1532218,2000.0,2597.8,22.842,17.523,11.30,8.67,706.6,706.6,507.0,362,72.4,3.5,HOLD_RPM,119.57,244.24,367.24,0,0.0,3783,0,2597.8,2603.6
13.2000,1532268,2000.0,2604.0,22.798,17.480,11.30,8.67,684.4,684.4,507.0,366,73.2,3.5,HOLD_RPM,119.57,247.23,366.80,0,0.0,3783,0,2604.0,2607.9
13.2500,1532318,2000.0,2604.0,22.798,17.480,11.30,8.67,684.4,684.4,518.4,368,73.6,9.2,HOLD_RPM,120.81,250.25,372.30,0,0.0,3784,0,2604.0,2594.9
13.3000,1532368,2000.0,2598.8,22.798,17.503,11.28,8.66,684.4,684.4,518.4,374,74.8,9.2,HOLD_RPM,120.81,253.27,374.08,0,0.0,3785,0,2598.8,2596.6
13.3500,1532418,2000.0,2598.8,23.882,17.503,11.82,8.66,847.8,847.8,518.4,374,74.8,9.2,HOLD_RPM,119.75,256.26,374.96,0,0.0,3785,0,2598.8,2596.5
13.4000,1532468,2000.0,2597.3,23.882,17.532,11.81,8.67,847.8,847.8,522.4,376,75.2,11.2,HOLD_RPM,119.75,259.26,379.01,0,0.0,3785,0,2597.3,2594.8
13.4500,1532518,2000.0,2597.3,23.882,17.532,11.81,8.67,847.8,847.8,522.4,381,76.2,11.2,HOLD_RPM,119.45,262.24,381.40,0,0.0,3786,0,2597.3,2601.1
13.5000,1532568,2000.0,2595.3,12.723,17.572,6.29,8.68,557.8,557.8,522.4,383,76.6,11.2,HOLD_RPM,119.45,265.23,384.69,0,0.0,3786,0,2595.3,2587.7
13.5500,1532618,2000.0,2595.3,12.723,17.572,6.29,8.68,557.8,557.8,533.1,386,77.2,16.6,HOLD_RPM,119.06,268.21,386.86,0,0.0,3787,0,2595.3,2579.3
13.6000,1532668,2000.0,2575.1,12.723,17.968,6.24,8.81,557.8,557.8,533.1,388,77.6,16.6,HOLD_RPM,119.06,271.18,390.24,0,0.0,3788,0,2575.1,2566.2
13.6500,1532718,2000.0,2575.1,11.063,17.968,5.42,8.81,754.4,754.4,533.1,388,77.6,16.6,HOLD_RPM,115.03,274.06,385.06,0,0.0,3788,0,2575.1,2543.2
13.7000,1532768,2000.0,2539.2,11.063,18.673,5.35,9.03,754.4,754.4,533.1,387,77.4,16.6,HOLD_RPM,115.03,276.93,391.96,0,0.0,3788,0,2539.2,2524.9
13.7500,1532818,2000.0,2539.2,11.063,18.673,5.35,9.03,754.4,754.4,541.6,390,78.0,20.8,HOLD_RPM,107.83,279.63,380.27,0,0.0,3789,0,2539.2,2510.4
13.8000,1532868,2000.0,2508.5,11.063,19.275,5.28,9.21,754.4,754.4,541.6,382,76.4,20.8,HOLD_RPM,107.83,282.33,390.16,0,0.0,3789,0,2508.5,2501.7
13.8500,1532918,2000.0,2508.5,17.687,19.275,8.45,9.21,1036.2,1036.2,541.6,383,76.6,20.8,HOLD_RPM,101.69,284.87,380.42,0,0.0,3790,0,2508.5,2498.8
13.9000,1532968,2000.0,2497.9,17.687,19.456,8.41,9.25,1036.2,1036.2,536.3,381,76.2,18.1,HOLD_RPM,101.69,287.41,389.10,0,0.0,3791,0,2497.9,2494.7
13.9500,1533018,2000.0,2497.9,17.687,19.456,8.41,9.25,1036.2,1036.2,536.3,387,77.4,18.1,HOLD_RPM,99.59,289.90,387.38,0,0.0,3792,0,2497.9,2491.1
14.0000,1533068,2000.0,2494.0,15.312,19.481,7.27,9.25,900.9,900.9,536.3,389,77.8,18.1,HOLD_RPM,99.59,292.39,391.98,0,0.0,3792,0,2494.0,2498.3
14.0500,1533118,2000.0,2494.0,15.312,19.481,7.27,9.25,900.9,900.9,535.2,392,78.4,17.6,HOLD_RPM,98.79,294.86,392.86,0,0.0,3792,0,2494.0,2495.3
14.1000,1533168,2000.0,2495.1,15.312,19.474,7.27,9.25,900.9,900.9,535.2,394,78.8,17.6,HOLD_RPM,98.79,297.33,396.12,0,0.0,3792,0,2495.1,2486.8
14.1500,1533218,2000.0,2495.1,15.408,19.474,7.32,9.25,765.6,765.6,535.2,398,79.6,17.6,HOLD_RPM,99.02,299.81,399.04,0,0.0,3792,0,2495.1,2476.1
14.2000,1533268,2000.0,2473.5,15.408,19.615,7.26,9.24,765.6,765.6,558.4,401,80.2,29.2,HOLD_RPM,99.02,302.28,401.30,0,0.0,3792,0,2473.5,2466.8
14.2500,1533318,2000.0,2473.5,15.408,19.615,7.26,9.24,765.6,765.6,558.4,399,79.8,29.2,HOLD_RPM,94.70,304.65,395.03,0,0.0,3793,0,2473.5,2447.7
14.3000,1533368,2000.0,2438.8,12.870,19.841,5.98,9.21,961.9,961.9,558.4,397,79.4,29.2,HOLD_RPM,94.70,307.02,401.71,0,0.0,3794,0,2438.8,2415.0
14.3500,1533418,2000.0,2438.8,12.870,19.841,5.98,9.21,961.9,961.9,558.4,400,80.0,29.2,HOLD_RPM,87.76,309.21,390.03,0,0.0,3794,0,2438.8,2402.9
14.4000,1533468,2000.0,2397.2,12.870,20.042,5.87,9.15,961.9,961.9,565.0,392,78.4,32.5,HOLD_RPM,87.76,311.40,399.16,0,0.0,3796,0,2397.2,2384.1
14.4500,1533518,2000.0,2397.2,12.870,20.042,5.87,9.15,961.9,961.9,565.0,394,78.8,32.5,HOLD_RPM,79.44,313.39,384.52,0,0.0,3797,0,2397.2,2376.1
14.5000,1533568,2000.0,2377.2,5.532,19.670,2.50,8.90,790.6,790.6,565.0,392,78.4,32.5,HOLD_RPM,79.44,315.38,394.82,0,0.0,3799,0,2377.2,2377.6
14.5500,1533618,2000.0,2377.2,5.532,19.670,2.50,8.90,790.6,790.6,543.2,392,78.4,21.6,HOLD_RPM,75.44,317.26,388.70,0,0.0,3800,0,2377.2,2384.3
14.6000,1533668,2000.0,2389.0,5.532,19.889,2.52,9.05,790.6,790.6,543.2,391,78.2,21.6,HOLD_RPM,75.44,319.15,394.59,0,0.0,3801,0,2389.0,2399.3
14.6500,1533718,2000.0,2389.0,8.261,19.889,3.76,9.05,830.0,830.0,543.2,395,79.0,21.6,HOLD_RPM,77.80,321.09,401.26,0,0.0,3801,0,2389.0,2408.3
14.7000,1533768,2000.0,2409.1,8.261,20.035,3.79,9.19,830.0,830.0,537.5,400,80.0,18.8,HOLD_RPM,77.80,323.04,400.84,0,0.0,3802,0,2409.1,2415.1
14.7500,1533818,2000.0,2409.1,8.261,20.035,3.79,9.19,830.0,830.0,537.5,402,80.4,18.8,HOLD_RPM,81.81,325.08,410.90,0,0.0,3802,0,2409.1,2404.9
14.8000,1533868,2000.0,2398.7,9.323,20.070,4.26,9.17,732.2,732.2,537.5,409,81.8,18.8,HOLD_RPM,81.81,327.13,408.94,0,0.0,3803,0,2398.7,2389.7
14.8500,1533918,2000.0,2398.7,9.323,20.070,4.26,9.17,732.2,732.2,591.8,407,81.4,45.9,HOLD_RPM,79.74,329.12,406.78,0,0.0,3803,0,2398.7,2371.5
14.9000,1533968,2000.0,2367.7,9.323,19.492,4.20,8.79,732.2,732.2,591.8,408,81.6,45.9,HOLD_RPM,79.74,331.12,410.85,0,0.0,3804,0,2367.7,2352.8
14.9500,1534018,2000.0,2367.7,5.687,19.492,2.56,8.79,683.4,683.4,591.8,408,81.6,45.9,HOLD_RPM,73.54,332.95,400.29,0,0.0,3805,0,2367.7,2336.5
15.0000,1534068,2000.0,2334.6,5.687,18.876,2.53,8.39,683.4,683.4,566.9,401,80.2,33.4,HOLD_RPM,73.54,334.79,408.33,0,0.0,3805,0,2334.6,2326.7
15.0500,1534118,2000.0,2334.6,5.687,18.876,2.53,8.39,683.4,683.4,566.9,404,80.8,33.4,HOLD_RPM,66.93,336.47,396.78,0,0.0,3805,0,2334.6,2322.4
15.1000,1534168,2000.0,2321.7,13.888,18.635,6.14,8.24,928.8,928.8,566.9,405,81.0,33.4,HOLD_RPM,66.93,338.14,405.06,0,0.0,3805,0,2321.7,2322.1
15.1500,1534218,2000.0,2321.7,13.888,18.635,6.14,8.24,928.8,928.8,566.9,403,80.6,33.4,HOLD_RPM,64.34,339.75,401.50,0,0.0,3806,0,2321.7,2326.1
15.2000,1534268,2000.0,2327.5,13.888,18.743,6.15,8.31,928.8,928.8,554.5,403,80.6,27.3,HOLD_RPM,64.34,341.36,405.70,0,0.0,3807,0,2327.5,2330.6
15.2500,1534318,2000.0,2327.5,13.888,18.743,6.15,8.31,928.8,928.8,554.5,407,81.4,27.3,HOLD_RPM,65.50,342.99,409.65,0,0.0,3807,0,2327.5,2337.1
15.3000,1534368,2000.0,2335.2,20.084,18.887,8.93,8.40,1034.1,1034.1,554.5,410,82.0,27.3,HOLD_RPM,65.50,344.63,410.13,0,0.0,3807,0,2335.2,2336.5
15.3500,1534418,2000.0,2335.2,20.084,18.887,8.93,8.40,1034.1,1034.1,563.2,412,82.4,31.6,HOLD_RPM,67.04,346.31,414.88,0,0.0,3808,0,2335.2,2334.8
15.4000,1534468,2000.0,2335.3,20.084,18.889,8.93,8.40,1034.1,1034.1,563.2,415,83.0,31.6,HOLD_RPM,67.04,347.98,415.02,0,0.0,3811,0,2335.3,2337.8
15.4500,1534518,2000.0,2335.3,16.204,18.889,7.21,8.40,860.9,860.9,563.2,416,83.2,31.6,HOLD_RPM,67.06,349.66,416.74,0,0.0,3811,0,2335.3,2320.5
15.5000,1534568,2000.0,2316.2,16.204,18.533,7.15,8.17,860.9,860.9,587.9,418,83.6,43.9,HOLD_RPM,67.06,351.34,418.39,0,0.0,3812,0,2316.2,2305.1
15.5500,1534618,2000.0,2316.2,16.204,18.533,7.15,8.17,860.9,860.9,587.9,416,83.2,43.9,HOLD_RPM,63.24,352.92,412.35,0,0.0,3813,0,2316.2,2283.1
15.6000,1534668,2000.0,2279.7,14.545,17.414,6.31,7.56,825.9,825.9,587.9,414,82.8,43.9,HOLD_RPM,63.24,354.50,417.74,0,0.0,3813,0,2279.7,2263.0
15.6500,1534718,2000.0,2279.7,14.545,17.414,6.31,7.56,825.9,825.9,585.9,416,83.2,42.9,HOLD_RPM,55.93,355.90,404.51,0,0.0,3813,0,2279.7,2253.5
15.7000,1534768,2000.0,2251.5,14.545,16.279,6.24,6.98,825.9,825.9,585.9,407,81.4,42.9,HOLD_RPM,55.93,357.29,413.22,0,0.0,3814,0,2251.5,2244.2
15.7500,1534818,2000.0,2251.5,18.041,16.279,7.73,6.98,923.8,923.8,585.9,403,80.6,42.9,HOLD_RPM,50.30,358.55,403.22,0,0.0,3816,0,2251.5,2239.7
15.8000,1534868,2000.0,2240.6,18.041,15.840,7.70,6.76,923.8,923.8,585.9,405,81.0,42.9,HOLD_RPM,50.30,359.81,410.11,0,0.0,3817,0,2240.6,2241.5
15.8500,1534918,2000.0,2240.6,18.041,15.840,7.70,6.76,923.8,923.8,540.5,407,81.4,20.3,HOLD_RPM,48.13,361.01,406.97,0,0.0,3817,0,2240.6,2252.3
15.9000,1534968,2000.0,2256.5,18.041,16.480,7.75,7.08,923.8,923.8,540.5,408,81.6,20.3,HOLD_RPM,48.13,362.22,410.34,0,0.0,3817,0,2256.5,2263.4
15.9500,1535018,2000.0,2256.5,17.362,16.480,7.46,7.08,931.2,931.2,540.5,412,82.4,20.3,HOLD_RPM,51.30,363.50,417.96,0,0.0,3817,0,2256.5,2281.4
16.0000,1535068,2000.0,2279.3,17.362,17.398,7.53,7.55,931.2,931.2,551.0,416,83.2,25.5,HOLD_RPM,51.30,364.78,416.08,0,0.0,3818,0,2279.3,2280.8
16.0500,1535118,2000.0,2279.3,17.362,17.398,7.53,7.55,931.2,931.2,551.0,418,83.6,25.5,HOLD_RPM,55.87,366.18,426.62,0,0.0,3818,0,2279.3,2279.0
16.1000,1535168,2000.0,2276.2,18.977,17.273,8.22,7.49,863.8,863.8,551.0,425,85.0,25.5,HOLD_RPM,55.87,367.57,423.44,0,0.0,3818,0,2276.2,2270.1
16.1500,1535218,2000.0,2276.2,18.977,17.273,8.22,7.49,863.8,863.8,617.4,423,84.6,58.7,HOLD_RPM,55.23,368.95,423.55,0,0.0,3819,0,2276.2,2262.7
16.2000,1535268,2000.0,2251.0,18.977,16.258,8.13,6.97,863.8,863.8,617.4,425,85.0,58.7,HOLD_RPM,55.23,370.34,425.57,0,0.0,3819,0,2251.0,2231.8
16.2500,1535318,2000.0,2251.0,21.751,16.258,9.32,6.97,955.3,955.3,617.4,423,84.6,58.7,HOLD_RPM,50.21,371.59,416.77,0,0.0,3819,0,2251.0,2214.3
16.3000,1535368,2000.0,2212.9,21.751,14.725,9.16,6.20,955.3,955.3,608.1,418,83.6,54.1,HOLD_RPM,50.21,372.85,423.05,0,0.0,3819,0,2212.9,2203.1
16.3500,1535418,2000.0,2212.9,21.751,14.725,9.16,6.20,955.3,955.3,608.1,423,84.6,54.1,HOLD_RPM,42.59,373.91,408.88,0,0.0,3820,0,2212.9,2193.4
16.4000,1535468,2000.0,2194.6,25.239,14.233,10.55,5.95,889.7,889.7,608.1,417,83.4,54.1,HOLD_RPM,42.59,374.97,417.56,0,0.0,3820,0,2194.6,2194.8
16.4500,1535518,2000.0,2194.6,25.239,14.233,10.55,5.95,889.7,889.7,569.1,417,83.4,34.6,HOLD_RPM,38.92,375.95,411.21,0,0.0,3820,0,2194.6,2191.0
16.5000,1535568,2000.0,2190.4,25.239,14.254,10.53,5.94,889.7,889.7,569.1,412,82.4,34.6,HOLD_RPM,38.92,376.92,415.85,0,0.0,3820,0,2190.4,2191.5
16.5500,1535618,2000.0,2190.4,32.608,14.254,13.60,5.94,1016.6,1016.6,569.1,414,82.8,34.6,HOLD_RPM,38.07,377.87,415.09,0,0.0,3822,0,2190.4,2192.7
16.6000,1535668,2000.0,2194.0,32.608,14.236,13.62,5.95,1016.6,1016.6,569.1,416,83.2,34.6,HOLD_RPM,38.07,378.82,416.90,0,0.0,3822,0,2194.0,2197.6
16.6500,1535718,2000.0,2194.0,32.608,14.236,13.62,5.95,1016.6,1016.6,555.4,418,83.6,27.7,HOLD_RPM,38.80,379.79,419.33,0,0.0,3823,0,2194.0,2204.3
16.7000,1535768,2000.0,2212.0,32.608,14.689,13.73,6.19,1016.6,1016.6,555.4,419,83.8,27.7,HOLD_RPM,38.80,380.76,419.57,0,0.0,3825,0,2212.0,2223.1
16.7500,1535818,2000.0,2212.0,34.791,14.689,14.65,6.19,1027.2,1027.2,555.4,421,84.2,27.7,HOLD_RPM,42.41,381.83,427.84,0,0.0,3827,0,2212.0,2237.4
16.8000,1535868,2000.0,2239.6,34.791,15.800,14.84,6.74,1027.2,1027.2,561.4,426,85.2,30.7,HOLD_RPM,42.41,382.89,425.29,0,0.0,3827,0,2239.6,2251.6
16.8500,1535918,2000.0,2239.6,34.791,15.800,14.84,6.74,1027.2,1027.2,561.4,427,85.4,30.7,HOLD_RPM,47.92,384.08,437.51,0,0.0,3829,0,2239.6,2254.2
16.9000,1535968,2000.0,2248.9,33.367,16.174,14.29,6.93,970.0,970.0,561.4,436,87.2,30.7,HOLD_RPM,47.92,385.28,433.20,0,0.0,3829,0,2248.9,2241.3
16.9500,1536018,2000.0,2248.9,33.367,16.174,14.29,6.93,970.0,970.0,649.6,435,87.0,74.8,HOLD_RPM,49.77,386.53,438.15,0,0.0,3829,0,2248.9,2210.3
17.0000,1536068,2000.0,2198.7,33.367,14.212,13.97,5.95,970.0,970.0,649.6,437,87.4,74.8,HOLD_RPM,49.77,387.77,437.54,0,0.0,3830,0,2198.7,2162.0
17.0500,1536118,2000.0,2198.7,31.723,14.212,13.28,5.95,786.6,786.6,649.6,435,87.0,74.8,HOLD_RPM,39.73,388.76,418.45,0,0.0,3830,0,2198.7,2117.4
17.1000,1536168,2000.0,2106.4,31.723,14.678,12.72,5.89,786.6,786.6,636.8,424,84.8,68.4,HOLD_RPM,39.73,389.76,429.49,0,0.0,3830,0,2106.4,2069.7
17.1500,1536218,2000.0,2106.4,31.723,14.678,12.72,5.89,786.6,786.6,636.8,418,83.6,68.4,HOLD_RPM,21.28,390.29,393.12,0,0.0,3830,0,2106.4,2044.9
17.2000,1536268,2000.0,2052.6,30.793,14.054,12.03,5.49,783.8,783.8,636.8,408,81.6,68.4,HOLD_RPM,21.28,390.82,412.10,0,0.0,3831,0,2052.6,2062.6
17.2500,1536318,2000.0,2052.6,30.793,14.054,12.03,5.49,783.8,783.8,636.8,402,80.4,68.4,HOLD_RPM,10.51,391.08,390.83,0,0.0,3832,0,2052.6,2100.3
17.3000,1536368,2000.0,2115.3,30.793,14.633,12.40,5.89,783.8,783.8,521.4,393,78.6,10.7,HOLD_RPM,10.51,391.35,401.86,0,0.0,3833,0,2115.3,2149.5
17.3500,1536418,2000.0,2115.3,30.793,14.633,12.40,5.89,783.8,783.8,521.4,394,78.8,10.7,HOLD_RPM,23.06,391.92,427.53,0,0.0,3833,0,2115.3,2195.9
17.4000,1536468,2000.0,2214.4,32.556,14.785,13.73,6.23,1003.4,1003.4,521.4,407,81.4,10.7,HOLD_RPM,23.06,392.50,415.56,0,0.0,3834,0,2214.4,2254.8
17.4500,1536518,2000.0,2214.4,32.556,14.785,13.73,6.23,1003.4,1003.4,530.6,418,83.6,15.3,HOLD_RPM,42.88,393.57,456.28,0,0.0,3834,0,2214.4,2313.7
17.5000,1536568,2000.0,2312.8,32.556,18.469,14.34,8.13,1003.4,1003.4,530.6,439,87.8,15.3,HOLD_RPM,42.88,394.64,437.53,0,0.0,3834,0,2312.8,2330.4
17.5500,1536618,2000.0,2312.8,33.928,18.469,14.94,8.13,993.4,993.4,530.6,453,90.6,15.3,HOLD_RPM,62.55,396.21,478.43,0,0.0,3835,0,2312.8,2317.7
17.6000,1536668,2000.0,2292.9,33.928,17.945,14.81,7.83,993.4,993.4,755.3,470,94.0,127.6,HOLD_RPM,62.55,397.77,460.33,0,0.0,3835,0,2292.9,2237.4
17.6500,1536718,2000.0,2292.9,33.928,17.945,14.81,7.83,993.4,993.4,755.3,477,95.4,127.6,HOLD_RPM,58.58,399.24,453.85,0,0.0,3835,0,2292.9,2122.7
17.7000,1536768,2000.0,2076.1,39.777,14.379,15.72,5.68,1128.1,1128.1,755.3,470,94.0,127.6,HOLD_RPM,58.58,400.70,459.28,0,0.0,3835,0,2076.1,1979.3
17.7500,1536818,2000.0,2076.1,39.777,14.379,15.72,5.68,1128.1,1128.1,857.4,459,91.8,178.7,HOLD_RPM,15.23,401.08,372.95,0,0.0,3836,0,2076.1,1812.1
17.8000,1536868,2000.0,1777.5,39.777,4.094,13.46,1.39,1128.1,1128.1,857.4,438,87.6,178.7,HOLD_RPM,15.23,401.46,416.69,0,0.0,3837,0,1777.5,1683.8
17.8500,1536918,2000.0,1777.5,41.171,4.094,13.93,1.39,1018.1,1018.1,857.4,420,84.0,178.7,HOLD_RPM,-44.49,400.35,296.14,0,0.0,3837,0,1777.5,1606.6
17.9000,1536968,2000.0,1618.1,41.171,0.819,12.68,0.25,1018.1,1018.1,532.0,401,80.2,16.0,HOLD_RPM,-44.49,399.24,354.75,0,0.0,3837,0,1618.1,1627.6
17.9500,1537018,2000.0,1618.1,41.171,0.819,12.68,0.25,1018.1,1018.1,532.0,374,74.8,16.0,HOLD_RPM,-76.37,397.33,289.07,0,0.0,3837,0,1618.1,1697.5
18.0000,1537068,2000.0,1742.9,47.189,3.023,15.66,1.00,1161.9,1161.9,532.0,342,68.4,16.0,HOLD_RPM,-76.37,395.42,319.05,0,0.0,3839,0,1742.9,1814.8
18.0500,1537118,2000.0,1742.9,47.189,3.023,15.66,1.00,1161.9,1161.9,532.0,316,63.2,16.0,HOLD_RPM,-51.43,394.13,367.65,0,0.0,3840,0,1742.9,1935.6
18.1000,1537168,2000.0,1961.6,47.189,12.740,17.62,4.76,1161.9,1161.9,499.0,299,59.8,-0.5,HOLD_RPM,-51.43,392.85,341.42,0,0.0,3841,0,1961.6,2033.4
18.1500,1537218,2000.0,1961.6,47.189,12.740,17.62,4.76,1161.9,1161.9,499.0,295,59.0,-0.5,HOLD_RPM,-7.69,392.65,428.70,0,0.0,3841,0,1961.6,2109.5
18.2000,1537268,2000.0,2127.6,38.634,14.571,15.65,5.90,629.7,629.7,499.0,305,61.0,-0.5,HOLD_RPM,-7.69,392.46,384.77,0,0.0,3841,0,2127.6,2169.4
18.2500,1537318,2000.0,2127.6,38.634,14.571,15.65,5.90,629.7,629.7,496.0,326,65.2,-2.0,HOLD_RPM,25.51,393.10,451.82,0,0.0,3841,0,2127.6,2254.6
18.3000,1537368,2000.0,2271.6,38.634,17.088,16.71,7.39,629.7,629.7,496.0,357,71.4,-2.0,HOLD_RPM,25.51,393.74,419.25,0,0.0,3842,0,2271.6,2331.5
18.3500,1537418,2000.0,2271.6,39.681,17.088,17.16,7.39,1074.7,1074.7,496.0,388,77.6,-2.0,HOLD_RPM,54.31,395.10,478.21,0,0.0,3843,0,2271.6,2402.0
18.4000,1537468,2000.0,2403.1,39.681,20.074,18.16,9.19,1074.7,1074.7,638.5,423,84.6,69.3,HOLD_RPM,54.31,396.45,450.77,0,0.0,3844,0,2403.1,2419.4
18.4500,1537518,2000.0,2403.1,39.681,20.074,18.16,9.19,1074.7,1074.7,638.5,452,90.4,69.3,HOLD_RPM,80.62,396.45,503.39,0,0.0,3845,0,2403.1,2341.5
18.5000,1537568,2000.0,2297.4,37.719,18.126,16.50,7.93,881.2,881.2,638.5,477,95.4,69.3,HOLD_RPM,80.62,398.47,479.09,0,0.0,3845,0,2297.4,2183.9
18.5500,1537618,2000.0,2297.4,37.719,18.126,16.50,7.93,881.2,881.2,1098.0,493,98.6,299.0,HOLD_RPM,59.48,399.96,438.29,0,0.0,3845,0,2297.4,1906.9
18.6000,1537668,2000.0,1817.1,37.719,5.989,13.05,2.07,881.2,881.2,1098.0,496,99.2,299.0,HOLD_RPM,59.48,401.44,460.92,0,0.0,3846,0,1817.1,1626.0
18.6500,1537718,2000.0,1817.1,43.774,5.989,15.15,2.07,1060.3,1060.3,1098.0,484,96.8,299.0,HOLD_RPM,-36.58,400.53,267.88,0,0.0,3846,0,1817.1,1356.2
18.7000,1537768,0.0,1147.3,43.774,2.736,9.56,0.60,1060.3,1060.3,1098.0,467,93.4,299.0,IDLE,0.00,0.00,0.00,0,0.0,3846,0,1147.3,994.2
18.7500,1537818,0.0,1147.3,43.774,2.736,9.56,0.60,1060.3,1060.3,1040.0,443,88.6,270.0,IDLE,0.00,0.00,0.00,0,0.0,3846,0,1147.3,840.9
18.8000,1537868,0.0,1147.3,43.774,2.736,9.56,0.60,1060.3,1060.3,1040.0,405,81.0,270.0,IDLE,0.00,0.00,0.00,0,0.0,3847,0,1147.3,840.9
18.8500,1537918,0.0,1147.3,48.886,2.736,10.68,0.60,1014.7,1014.7,1040.0,366,73.2,270.0,IDLE,0.00,0.00,0.00,0,0.0,3849,0,1147.3,840.9
18.9000,1537968,0.0,1147.3,48.886,2.736,10.68,0.60,1014.7,1014.7,502.1,326,65.2,1.1,IDLE,0.00,0.00,0.00,0,0.0,3850,0,1147.3,840.9
18.9500,1538018,0.0,1147.3,48.886,2.736,10.68,0.60,1014.7,1014.7,502.1,286,57.2,1.1,IDLE,0.00,0.00,0.00,0,0.0,3851,0,1147.3,840.9
19.0000,1538068,0.0,1147.3,39.651,2.736,8.66,0.60,585.9,585.9,502.1,247,49.4,1.1,IDLE,0.00,0.00,0.00,0,0.0,3853,0,1147.3,840.9
19.0500,1538118,0.0,1147.3,39.651,2.736,8.66,0.60,585.9,585.9,499.9,207,41.4,-0.1,IDLE,0.00,0.00,0.00,0,0.0,3854,0,1147.3,840.9
19.1000,1538168,0.0,1147.3,39.651,2.736,8.66,0.60,585.9,585.9,499.9,167,33.4,-0.1,IDLE,0.00,0.00,0.00,0,0.0,3857,0,1147.3,840.9
19.1500,1538218,0.0,1147.3,40.470,2.736,8.84,0.60,1030.6,1030.6,499.9,128,25.6,-0.1,IDLE,0.00,0.00,0.00,0,0.0,3858,0,1147.3,804.7
19.2000,1538268,0.0,938.4,40.470,2.736,7.23,0.49,1030.6,1030.6,499.3,88,17.6,-0.4,IDLE,0.00,0.00,0.00,0,0.0,3858,0,938.4,1010.4
19.2500,1538318,0.0,938.4,40.470,2.736,7.23,0.49,1030.6,1030.6,499.3,52,10.4,-0.4,IDLE,0.00,0.00,0.00,0,0.0,3858,0,938.4,1237.0
19.3000,1538368,0.0,1362.0,42.439,2.736,11.01,0.71,1217.2,1217.2,499.3,25,5.0,-0.4,IDLE,0.00,0.00,0.00,0,0.0,3858,0,1362.0,1506.8
19.3500,1538418,0.0,1362.0,42.439,2.736,11.01,0.71,1217.2,1217.2,502.4,8,1.6,1.2,IDLE,0.00,0.00,0.00,0,0.0,3859,0,1362.0,1727.4
19.4000,1538468,0.0,1811.2,42.439,5.576,14.64,1.92,1217.2,1217.2,502.4,1,0.2,1.2,IDLE,0.00,0.00,0.00,0,0.0,3860,0,1811.2,1952.2
19.4500,1538518,0.0,1811.2,42.366,5.576,14.61,1.92,1014.7,1014.7,502.4,0,0.0,1.2,IDLE,0.00,0.00,0.00,0,0.0,3861,0,1811.2,2102.2
19.5000,1538568,0.0,2124.9,42.366,14.585,17.14,5.90,1014.7,1014.7,502.4,0,0.0,1.2,IDLE,0.00,0.00,0.00,0,0.0,3861,0,2124.9,2195.9
19.5500,1538618,0.0,2124.9,42.366,14.585,17.14,5.90,1014.7,1014.7,501.8,0,0.0,0.9,IDLE,0.00,0.00,0.00,0,0.0,3861,0,2124.9,2301.6
19.6000,1538668,0.0,2322.0,42.366,18.641,18.73,8.24,1014.7,1014.7,501.8,0,0.0,0.9,IDLE,0.00,0.00,0.00,0,0.0,3862,0,2322.0,2392.1
19.6500,1538718,0.0,2322.0,39.777,18.641,17.59,8.24,1045.0,1045.0,501.8,0,0.0,0.9,IDLE,0.00,0.00,0.00,0,0.0,3862,0,2322.0,2443.2
19.7000,1538768,0.0,2446.1,39.777,19.794,18.53,9.22,1045.0,1045.0,501.1,0,0.0,0.6,IDLE,0.00,0.00,0.00,0,0.0,3862,0,2446.1,2461.0
19.7500,1538818,0.0,2446.1,39.777,19.794,18.53,9.22,1045.0,1045.0,501.1,0,0.0,0.6,IDLE,0.00,0.00,0.00,0,0.0,3862,0,2446.1,2446.4
19.8000,1538868,0.0,2429.3,39.445,19.903,18.25,9.21,614.4,614.4,501.1,0,0.0,0.6,IDLE,0.00,0.00,0.00,0,0.0,3863,0,2429.3,2387.6
19.8500,1538918,0.0,2429.3,39.445,19.903,18.25,9.21,614.4,614.4,497.4,0,0.0,-1.3,IDLE,0.00,0.00,0.00,0,0.0,3864,0,2429.3,2295.5
19.9000,1538968,0.0,2263.1,39.445,16.746,17.00,7.22,614.4,614.4,497.4,0,0.0,-1.3,IDLE,0.00,0.00,0.00,0,0.0,3864,0,2263.1,2175.7
19.9500,1539018,0.0,2263.1,29.952,16.746,12.91,7.22,645.9,645.9,497.4,0,0.0,-1.3,IDLE,0.00,0.00,0.00,0,0.0,3864,0,2263.1,2067.5
20.0000,1539068,0.0,2031.5,29.952,13.761,11.59,5.32,645.9,645.9,499.8,0,0.0,-0.1,IDLE,0.00,0.00,0.00,0,0.0,3864,0,2031.5,1953.7
20.0500,1539118,0.0,2031.5,29.952,13.761,11.59,5.32,645.9,645.9,499.8,0,0.0,-0.1,IDLE,0.00,0.00,0.00,0,0.0,3865,0,2031.5,1860.4
20.1000,1539168,0.0,1809.9,24.893,5.485,8.58,1.89,652.5,652.5,499.8,0,0.0,-0.1,IDLE,0.00,0.00,0.00,0,0.0,3865,0,1809.9,1738.7
20.1500,1539218,0.0,1809.9,24.893,5.485,8.58,1.89,652.5,652.5,499.8,0,0.0,-0.1,IDLE,0.00,0.00,0.00,0,0.0,3865,0,1809.9,1641.5
20.2000,1539268,0.0,1603.7,24.893,0.665,7.60,0.20,652.5,652.5,499.8,0,0.0,-0.1,IDLE,0.00,0.00,0.00,0,0.0,3865,0,1603.7,1544.4
20.2500,1539318,0.0,1603.7,24.893,0.665,7.60,0.20,652.5,652.5,499.8,0,0.0,-0.1,IDLE,0.00,0.00,0.00,0,0.0,3865,0,1603.7,1474.6
20.3000,1539368,0.0,1424.6,14.803,2.736,4.02,0.74,604.4,604.4,499.8,0,0.0,-0.1,IDLE,0.00,0.00,0.00,0,0.0,3865,0,1424.6,1376.7
20.3500,1539418,0.0,1424.6,14.803,2.736,4.02,0.74,604.4,604.4,500.1,0,0.0,0.1,IDLE,0.00,0.00,0.00,0,0.0,3866,0,1424.6,1288.9
20.4000,1539468,0.0,1239.3,14.803,2.736,3.49,0.65,604.4,604.4,500.1,0,0.0,0.1,IDLE,0.00,0.00,0.00,0,0.0,3866,0,1239.3,1193.3
20.4500,1539518,0.0,1239.3,-1.165,2.736,-0.27,0.65,293.1,293.1,500.1,0,0.0,0.1,IDLE,0.00,0.00,0.00,0,0.0,3866,0,1239.3,1087.9
20.5000,1539568,0.0,1047.4,-1.165,2.736,-0.23,0.55,293.1,293.1,500.1,0,0.0,0.1,IDLE,0.00,0.00,0.00,0,0.0,3866,0,1047.4,1011.1
20.5500,1539618,0.0,1047.4,-1.165,2.736,-0.23,0.55,293.1,293.1,500.1,0,0.0,0.1,IDLE,0.00,0.00,0.00,0,0.0,3866,0,1047.4,932.4
20.6000,1539668,0.0,867.7,2.316,2.736,0.38,0.45,743.1,743.1,500.1,0,0.0,0.1,IDLE,0.00,0.00,0.00,0,0.0,3866,0,867.7,847.9
20.6500,1539718,0.0,867.7,2.316,2.736,0.38,0.45,743.1,743.1,498.9,0,0.0,-0.6,IDLE,0.00,0.00,0.00,0,0.0,3867,0,867.7,847.9
20.7000,1539768,0.0,867.7,2.316,2.736,0.38,0.45,743.1,743.1,498.9,0,0.0,-0.6,IDLE,0.00,0.00,0.00,0,0.0,3868,0,867.7,847.9
20.7500,1539818,0.0,867.7,-6.144,2.736,-1.02,0.45,648.4,648.4,498.9,0,0.0,-0.6,IDLE,0.00,0.00,0.00,0,0.0,3870,0,867.7,847.9
20.8000,1539868,0.0,867.7,-6.144,2.736,-1.02,0.45,648.4,648.4,500.8,0,0.0,0.4,IDLE,0.00,0.00,0.00,0,0.0,3871,0,867.7,847.9
20.8500,1539918,0.0,867.7,-6.144,2.736,-1.02,0.45,648.4,648.4,500.8,0,0.0,0.4,IDLE,0.00,0.00,0.00,0,0.0,3871,0,867.7,847.9
20.9000,1539968,0.0,867.7,-15.164,2.736,-2.51,0.45,809.4,809.4,500.8,0,0.0,0.4,IDLE,0.00,0.00,0.00,0,0.0,3872,0,867.7,847.9
20.9500,1540018,0.0,867.7,-15.164,2.736,-2.51,0.45,809.4,809.4,500.8,0,0.0,0.4,IDLE,0.00,0.00,0.00,0,0.0,3872,0,867.7,847.9
21.0000,1540068,0.0,867.7,-15.164,2.736,-2.51,0.45,809.4,809.4,500.4,0,0.0,0.2,IDLE,0.00,0.00,0.00,0,0.0,3873,0,867.7,847.9
21.0500,1540118,0.0,867.7,-15.164,2.736,-2.51,0.45,809.4,809.4,500.4,0,0.0,0.2,IDLE,0.00,0.00,0.00,0,0.0,3873,0,867.7,847.9
21.1000,1540168,0.0,867.7,-20.099,2.736,-3.32,0.45,791.6,791.6,500.4,0,0.0,0.2,IDLE,0.00,0.00,0.00,0,0.0,3874,0,867.7,847.9
21.1500,1540218,0.0,867.7,-20.099,2.736,-3.32,0.45,791.6,791.6,501.0,0,0.0,0.5,IDLE,0.00,0.00,0.00,0,0.0,3874,0,867.7,847.9
21.2000,1540268,0.0,0.0,-20.099,2.736,0.00,0.00,791.6,791.6,501.0,0,0.0,0.5,IDLE,0.00,0.00,0.00,0,0.0,3874,0,0.0,847.9
21.2500,1540318,0.0,0.0,-24.708,2.736,0.00,0.00,836.9,836.9,501.0,0,0.0,0.5,IDLE,0.00,0.00,0.00,0,0.0,3874,0,0.0,847.9
21.3000,1540368,0.0,0.0,-24.708,2.736,0.00,0.00,836.9,836.9,501.6,0,0.0,0.8,IDLE,0.00,0.00,0.00,0,0.0,3874,0,0.0,847.9
21.3500,1540418,0.0,0.0,-24.708,2.736,0.00,0.00,836.9,836.9,501.6,0,0.0,0.8,IDLE,0.00,0.00,0.00,0,0.0,3874,0,0.0,847.9
21.4000,1540468,0.0,0.0,-21.743,2.736,0.00,0.00,748.4,748.4,501.6,0,0.0,0.8,IDLE,0.00,0.00,0.00,0,0.0,3874,0,0.0,847.9
21.4500,1540518,0.0,0.0,-21.743,2.736,0.00,0.00,748.4,748.4,502.0,0,0.0,1.0,IDLE,0.00,0.00,0.00,0,0.0,3874,0,0.0,847.9
21.5000,1540568,0.0,0.0,-21.743,2.736,0.00,0.00,748.4,748.4,502.0,0,0.0,1.0,IDLE,0.00,0.00,0.00,0,0.0,3874,0,0.0,847.9
21.5500,1540618,0.0,0.0,-19.317,2.736,0.00,0.00,755.3,755.3,502.0,0,0.0,1.0,IDLE,0.00,0.00,0.00,0,0.0,3874,0,0.0,847.9
21.6000,1540668,0.0,0.0,-19.317,2.736,0.00,0.00,755.3,755.3,501.8,0,0.0,0.9,IDLE,0.00,0.00,0.00,0,0.0,3874,0,0.0,847.9
21.6500,1540718,0.0,0.0,-19.317,2.736,0.00,0.00,755.3,755.3,501.8,0,0.0,0.9,IDLE,0.00,0.00,0.00,0,0.0,3874,0,0.0,847.9
21.7000,1540768,0.0,0.0,-16.743,2.736,0.00,0.00,769.1,769.1,501.8,0,0.0,0.9,IDLE,0.00,0.00,0.00,0,0.0,3874,0,0.0,847.9
21.7500,1540818,0.0,0.0,-16.743,2.736,0.00,0.00,769.1,769.1,501.8,0,0.0,0.9,IDLE,0.00,0.00,0.00,0,0.0,3874,0,0.0,847.9
21.8000,1540868,0.0,0.0,-16.743,2.736,0.00,0.00,769.1,769.1,500.4,0,0.0,0.2,IDLE,0.00,0.00,0.00,0,0.0,3874,0,0.0,847.9
21.8500,1540918,0.0,0.0,-16.743,2.736,0.00,0.00,769.1,769.1,500.4,0,0.0,0.2,IDLE,0.00,0.00,0.00,0,0.0,3874,0,0.0,847.9
21.9000,1540968,0.0,0.0,-13.106,2.736,0.00,0.00,768.4,768.4,500.4,0,0.0,0.2,IDLE,0.00,0.00,0.00,0,0.0,3874,0,0.0,847.9
21.9500,1541018,0.0,0.0,-13.106,2.736,0.00,0.00,768.4,768.4,501.0,0,0.0,0.5,IDLE,0.00,0.00,0.00,0,0.0,3874,0,0.0,847.9
22.0000,1541068,0.0,0.0,-13.106,2.736,0.00,0.00,768.4,768.4,501.0,0,0.0,0.5,IDLE,0.00,0.00,0.00,0,0.0,3874,0,0.0,847.9
22.0500,1541118,0.0,0.0,-2.847,2.736,0.00,0.00,756.9,756.9,501.0,0,0.0,0.5,IDLE,0.00,0.00,0.00,0,0.0,3874,0,0.0,847.9
22.1000,1541168,0.0,0.0,-2.847,2.736,0.00,0.00,756.9,756.9,501.1,0,0.0,0.6,IDLE,0.00,0.00,0.00,0,0.0,3874,0,0.0,847.9
22.1500,1541218,0.0,0.0,-2.847,2.736,0.00,0.00,756.9,756.9,501.1,0,0.0,0.6,IDLE,0.00,0.00,0.00,0,0.0,3874,0,0.0,847.9
22.2000,1541268,0.0,0.0,-2.441,2.736,0.00,0.00,761.6,761.6,501.1,0,0.0,0.6,IDLE,0.00,0.00,0.00,0,0.0,3874,0,0.0,847.9
22.2500,1541318,0.0,0.0,-2.441,2.736,0.00,0.00,761.6,761.6,502.0,0,0.0,1.0,IDLE,0.00,0.00,0.00,0,0.0,3874,0,0.0,847.9
22.3000,1541368,0.0,0.0,-2.441,2.736,0.00,0.00,761.6,761.6,502.0,0,0.0,1.0,IDLE,0.00,0.00,0.00,0,0.0,3874,0,0.0,847.9
22.3500,1541418,0.0,0.0,0.162,2.736,0.00,0.00,765.9,765.9,502.0,0,0.0,1.0,IDLE,0.00,0.00,0.00,0,0.0,3874,0,0.0,847.9
22.4000,1541468,0.0,0.0,0.162,2.736,0.00,0.00,765.9,765.9,502.0,0,0.0,1.0,IDLE,0.00,0.00,0.00,0,0.0,3874,0,0.0,847.9
22.4500,1541518,0.0,0.0,0.162,2.736,0.00,0.00,765.9,765.9,500.1,0,0.0,0.1,IDLE,0.00,0.00,0.00,0,0.0,3874,0,0.0,847.9
22.5000,1541568,0.0,0.0,0.162,2.736,0.00,0.00,765.9,765.9,500.1,0,0.0,0.1,IDLE,0.00,0.00,0.00,0,0.0,3874,0,0.0,847.9
22.5500,1541618,0.0,0.0,-0.760,2.736,0.00,0.00,767.8,767.8,500.1,0,0.0,0.1,IDLE,0.00,0.00,0.00,0,0.0,3874,0,0.0,847.9
22.6000,1541668,0.0,0.0,-0.760,2.736,0.00,0.00,767.8,767.8,500.6,0,0.0,0.3,IDLE,0.00,0.00,0.00,0,0.0,3874,0,0.0,847.9
22.6500,1541718,0.0,0.0,-0.760,2.736,0.00,0.00,767.8,767.8,500.6,0,0.0,0.3,IDLE,0.00,0.00,0.00,0,0.0,3874,0,0.0,847.9
22.7000,1541768,0.0,0.0,-1.254,2.736,0.00,0.00,769.4,769.4,500.6,0,0.0,0.3,IDLE,0.00,0.00,0.00,0,0.0,3874,0,0.0,847.9
22.7500,1541818,0.0,0.0,-1.254,2.736,0.00,0.00,769.4,769.4,500.8,0,0.0,0.4,IDLE,0.00,0.00,0.00,0,0.0,3874,0,0.0,847.9
22.8000,1541868,0.0,0.0,-1.254,2.736,0.00,0.00,769.4,769.4,500.8,0,0.0,0.4,IDLE,0.00,0.00,0.00,0,0.0,3874,0,0.0,847.9
22.8500,1541918,0.0,0.0,-2.714,2.736,0.00,0.00,770.9,770.9,500.8,0,0.0,0.4,IDLE,0.00,0.00,0.00,0,0.0,3874,0,0.0,847.9
22.9000,1541968,0.0,0.0,-2.714,2.736,0.00,0.00,770.9,770.9,500.0,0,0.0,0.0,IDLE,0.00,0.00,0.00,0,0.0,3874,0,0.0,847.9
22.9500,1542018,0.0,0.0,-2.714,2.736,0.00,0.00,770.9,770.9,500.0,0,0.0,0.0,IDLE,0.00,0.00,0.00,0,0.0,3874,0,0.0,847.9
23.0000,1542068,0.0,0.0,-2.353,2.736,0.00,0.00,764.7,764.7,500.0,0,0.0,0.0,IDLE,0.00,0.00,0.00,0,0.0,3874,0,0.0,847.9
23.0500,1542118,0.0,0.0,-2.353,2.736,0.00,0.00,764.7,764.7,501.4,0,0.0,0.7,IDLE,0.00,0.00,0.00,0,0.0,3874,0,0.0,847.9
23.1000,1542168,0.0,0.0,-2.353,2.736,0.00,0.00,764.7,764.7,501.4,0,0.0,0.7,IDLE,0.00,0.00,0.00,0,0.0,3874,0,0.0,0.0
23.1500,1542218,0.0,0.0,-2.117,2.736,0.00,0.00,765.9,765.9,501.4,0,0.0,0.7,IDLE,0.00,0.00,0.00,0,0.0,3874,0,0.0,0.0
23.2000,1542268,0.0,0.0,-2.117,2.736,0.00,0.00,765.9,765.9,501.4,0,0.0,0.7,IDLE,0.00,0.00,0.00,0,0.0,3874,0,0.0,0.0
23.2500,1542318,0.0,0.0,-2.117,2.736,0.00,0.00,765.9,765.9,502.4,0,0.0,1.2,IDLE,0.00,0.00,0.00,0,0.0,3874,0,0.0,0.0
23.3000,1542368,0.0,0.0,-2.117,2.736,0.00,0.00,765.9,765.9,502.4,0,0.0,1.2,IDLE,0.00,0.00,0.00,0,0.0,3874,0,0.0,0.0
23.3500,1542418,0.0,0.0,-2.257,2.736,0.00,0.00,762.8,762.8,502.4,0,0.0,1.2,IDLE,0.00,0.00,0.00,0,0.0,3874,0,0.0,0.0
23.4000,1542468,0.0,0.0,-2.257,2.736,0.00,0.00,762.8,762.8,501.6,0,0.0,0.8,IDLE,0.00,0.00,0.00,0,0.0,3874,0,0.0,0.0
23.4500,1542518,0.0,0.0,-2.257,2.736,0.00,0.00,762.8,762.8,501.6,0,0.0,0.8,IDLE,0.00,0.00,0.00,0,0.0,3874,0,0.0,0.0
23.5000,1542568,0.0,0.0,-2.360,2.736,0.00,0.00,763.8,763.8,501.6,0,0.0,0.8,IDLE,0.00,0.00,0.00,0,0.0,3874,0,0.0,0.0
23.5500,1542618,0.0,0.0,-2.360,2.736,0.00,0.00,763.8,763.8,502.4,0,0.0,1.2,IDLE,0.00,0.00,0.00,0,0.0,3874,0,0.0,0.0
23.6000,1542668,0.0,0.0,-2.360,2.736,0.00,0.00,763.8,763.8,502.4,0,0.0,1.2,IDLE,0.00,0.00,0.00,0,0.0,3874,0,0.0,0.0
23.6500,1542718,0.0,0.0,-2.080,2.736,0.00,0.00,769.4,769.4,502.4,0,0.0,1.2,IDLE,0.00,0.00,0.00,0,0.0,3874,0,0.0,0.0
23.7000,1542768,0.0,0.0,-2.080,2.736,0.00,0.00,769.4,769.4,501.4,0,0.0,0.7,IDLE,0.00,0.00,0.00,0,0.0,3874,0,0.0,0.0
23.7500,1542818,0.0,0.0,-2.080,2.736,0.00,0.00,769.4,769.4,501.4,0,0.0,0.7,IDLE,0.00,0.00,0.00,0,0.0,3874,0,0.0,0.0
23.8000,1542868,0.0,0.0,-2.080,2.736,0.00,0.00,761.6,761.6,501.4,0,0.0,0.7,IDLE,0.00,0.00,0.00,0,0.0,3874,0,0.0,0.0
23.8500,1542918,0.0,0.0,-2.080,2.736,0.00,0.00,761.6,761.6,501.4,0,0.0,0.7,IDLE,0.00,0.00,0.00,0,0.0,3874,0,0.0,0.0
23.9000,1542968,0.0,0.0,-2.080,2.736,0.00,0.00,761.6,761.6,501.4,0,0.0,0.7,IDLE,0.00,0.00,0.00,0,0.0,3874,0,0.0,0.0
23.9500,1543018,0.0,0.0,-2.080,2.736,0.00,0.00,761.6,761.6,501.4,0,0.0,0.7,IDLE,0.00,0.00,0.00,0,0.0,3874,0,0.0,0.0
24.0000,1543068,0.0,0.0,-2.146,2.736,0.00,0.00,763.1,763.1,501.4,0,0.0,0.7,IDLE,0.00,0.00,0.00,0,0.0,3874,0,0.0,0.0
24.0500,1543118,0.0,0.0,-2.146,2.736,0.00,0.00,763.1,763.1,501.8,0,0.0,0.9,IDLE,0.00,0.00,0.00,0,0.0,3874,0,0.0,0.0
24.1000,1543168,0.0,0.0,-2.146,2.736,0.00,0.00,763.1,763.1,501.8,0,0.0,0.9,IDLE,0.00,0.00,0.00,0,0.0,3874,0,0.0,0.0
24.1500,1543218,0.0,0.0,-2.050,2.736,0.00,0.00,772.2,772.2,501.8,0,0.0,0.9,IDLE,0.00,0.00,0.00,0,0.0,3874,0,0.0,0.0
24.2000,1543268,0.0,0.0,-2.050,2.736,0.00,0.00,772.2,772.2,502.0,0,0.0,1.0,IDLE,0.00,0.00,0.00,0,0.0,3874,0,0.0,0.0
24.2500,1543318,0.0,0.0,-2.050,2.736,0.00,0.00,772.2,772.2,502.0,0,0.0,1.0,IDLE,0.00,0.00,0.00,0,0.0,3874,0,0.0,0.0
24.3000,1543368,0.0,0.0,-2.058,2.736,0.00,0.00,768.8,768.8,502.0,0,0.0,1.0,IDLE,0.00,0.00,0.00,0,0.0,3874,0,0.0,0.0
